,index,id,account_name,client_id,industry,Uniqe_open_Total,Unique_clicks_Total,Delivered_Total,open_rate,click_rate,clicks_color,open_color
0,0,2192,Genxlead,,Aerospace & Defense,50362,30,142565,13.276845851426081,1.092255757336921,Green,Red
1,1,70,Q - GVG Services,231.0,Agency,6209,101,0,13.276845851426081,1.092255757336921,Green,Green
2,2,119,Q - GFC Services,231.0,Agency,7478331,210560,151720557,4.929016309899257,0.13878145728136235,Yellow,Green
3,3,128,Q - TWC Services,231.0,Agency,14464,752,119653,12.088288634635154,0.6284840329954118,Green,Green
4,4,133,Q - 2 The Max,231.0,Agency,23222725,861139,641041116,3.622657645566685,0.1343344410376323,Yellow,Yellow
5,5,136,Q - Out Reach Services,231.0,Agency,9990,677,295452,3.3812599000852925,0.2291404356714458,Green,Red
6,6,143,Q - FYD Services,231.0,Agency,17390,962,339542,5.121604985539344,0.28332282898728284,Green,Green
7,7,245,Q - SC Services,231.0,Agency,14,0,0,13.276845851426081,0.0,Red,Green
8,8,281,Q - TWC Marketing,231.0,Agency,25333,1462,585776,4.324690666739504,0.2495834585233946,Green,Green
9,9,358,Q - Out Reach Marketing,231.0,Agency,16568969,570039,361709983,4.580733122867665,0.15759559503227755,Green,Green
10,10,378,Q - SC Marketing,231.0,Agency,87,3,0,13.276845851426081,1.092255757336921,Green,Green
11,11,462,Q - RG Services,231.0,Agency,44750700,1491449,1048926503,4.266333234217078,0.14218813193625635,Yellow,Yellow
12,12,469,Q - PR Services,231.0,Agency,7460377,225259,194589307,3.8339090235826783,0.11576124272851232,Red,Yellow
13,13,543,Q - LTD Services,231.0,Agency,47754908,1361029,1014992291,4.704952778798987,0.13409254553638772,Yellow,Green
14,14,701,The Inbox Experts,303.0,Agency,4563198,325295,102316342,4.459891656408123,0.31793063907620933,Green,Green
15,15,739,Q - Business Services,231.0,Agency,3065756,107256,108387889,2.828504206775353,0.09895570528179581,Red,Red
16,16,1279,Q - SmartRate,31.0,Agency,399766,19032,10983043,3.6398473537798224,0.1732853089986081,Green,Yellow
17,17,1346,Q - Rapid Mortgage Rate,31.0,Agency,1731,27,0,13.276845851426081,1.092255757336921,Green,Green
18,18,1401,Q - WisdomCo Marketing,31.0,Agency,286367,28390,4015027,7.132380429820273,0.7070936260204477,Green,Green
19,19,2023,Q - Auto Advisors,4.0,Agency,397650,62216,9979823,3.984539605562143,0.6234178702367767,Green,Yellow
20,20,2028,Q - Vehicle Advisors,4.0,Agency,882505,72741,18953223,4.656226542578009,0.3837922447279811,Green,Green
21,21,2062,Q - Auto Loan Advisors,4.0,Agency,535866,89624,10922394,4.906122229247544,0.8205527103307205,Green,Green
22,22,602,Mercedes-Benz Canada,295.0,Automotive,191607,29304,430278,44.53097764700961,6.810480665988036,Green,Yellow
23,23,683,Mercedes-Benz Canada - Testing,,Automotive,36,2,58,62.06896551724138,3.4482758620689653,Red,Green
24,24,669,Atlantic Coast Media Group,325.0,Banks,4045263,253841,16697486,24.226778809696263,1.5202348425385714,Yellow,Yellow
25,25,2008,"Thick Head, LLC",85.0,Banks,1222,169,1915,63.81201044386423,8.825065274151436,Green,Green
26,26,1287,AN - NMJM,36.0,Chemicals,82,6,2063,3.974793989335919,0.290838584585555,Green,Green
27,27,1293,AN - BigMike's Blends,36.0,Chemicals,0,0,0,0.0,0.0,Red,Red
28,28,2129,LiveDo USA,63.0,Communications Equipment,0,0,0,13.276845851426081,1.092255757336921,Green,Green
29,29,64,PB - Seta Jewelry,252.0,Consumer Discretionary,19002,3053,138827,13.687539167453016,2.1991399367558184,Red,Red
30,30,223,Early To Rise,,Consumer Discretionary,1129181,68186,5024255,22.474595736084254,1.3571365306896246,Red,Yellow
31,31,225,ETR Transactional,,Consumer Discretionary,0,0,3402,0.0,0.0,Red,Red
32,32,425,PB - Palm Beach Jewelry - Sandbox,252.0,Consumer Discretionary,0,0,549,0.0,0.0,Red,Red
33,33,448,Golf Tailor LLC,253.0,Consumer Discretionary,25642513,3912709,108454728,23.643517874112412,3.6076887307301164,Green,Green
34,34,451,Fourtane Estate Jewelers,,Consumer Discretionary,1752,169,10583,16.554852121326654,1.5969006897855051,Red,Red
35,35,1013,Blue Bell Creameries,,Consumer Discretionary,167201,11645,785659,21.281624725230667,1.4821952017351039,Red,Yellow
36,36,1056,MID House of Diamonds,,Consumer Discretionary,65202,3211,202201,32.24613132477089,1.5880237981018885,Red,Green
37,37,2055,Rescue Skin Laboratories LLC,26.0,Consumer Discretionary,8163,382,49122,16.617808721143277,0.7776556329139693,Red,Red
38,38,1211,Now You Know Media,,Consumer Goods,273294,18332,1024312,26.680737900171042,1.789689079108709,Yellow,Green
39,39,2053,DFO - TrekFirst LLC,1.0,Consumer Goods,408,37,572,71.32867132867133,6.468531468531468,Green,Green
40,40,2162,"Dynamic Sports Nutrition, LLC",,Consumer Goods,93284,4610,458688,20.3371354820706,1.0050404632342682,Red,Yellow
41,41,2181,Vitality Now LLC,,Consumer Goods,145876,13452,681298,21.411482200153237,1.9744663862215948,Green,Yellow
42,42,2195,DX Products LTD,,Consumer Goods,51054,7665,209335,24.38865932596078,3.661595050994817,Green,Green
43,43,90,M1 - Irollie Marketing,219.0,Consumer Staples,55730915,5768006,239364934,23.28282345650512,2.4097121928477625,Green,Green
44,44,109,Numerologist,324.0,Consumer Staples,37275905,4605512,307782033,12.111137429519806,1.4963550520182574,Red,Red
45,45,120,Numerologist Transactional,324.0,Consumer Staples,0,0,0,0.0,0.0,Red,Red
46,46,168,M2 - Paleo Hacks,219.0,Consumer Staples,24084430,2431408,131034734,18.380187653145462,1.8555446527635948,Yellow,Green
47,47,537,Numerologist -Testing Account,324.0,Consumer Staples,0,0,0,0.0,0.0,Red,Red
48,48,815,M2 - Paleo Plan,219.0,Consumer Staples,11044876,1100443,52816811,20.91166768853197,2.0835089797451043,Green,Green
49,49,1185,"Mealthy, Inc",,Consumer Staples,480921,40083,3747281,12.833865408011835,1.0696555715997813,Red,Red
50,50,1261,Tailsco Limited,,Consumer Staples,2775542,172528,13287504,20.888362479514587,1.298422939327055,Red,Green
51,51,2026,Homebody Productions,,Consumer Staples,1327834,121908,7726957,17.18443625349539,1.5776974040362848,Yellow,Yellow
52,52,571,Hybrid Financial LLC,268.0,Diversified Financial Services,418639,21678,2774685,15.087802759592531,0.7812778747857865,Red,Yellow
53,53,1035,Branded Holdings (Credit Loan LLC),32.0,Diversified Financial Services,42218,13361,996798,4.23536162793264,1.3403919349757925,Red,Red
54,54,1341,Wealth365 Inc,58.0,Diversified Financial Services,1259944,209335,6557858,19.212736841816337,3.1921246236194807,Green,Green
55,55,129,DL - Donamis LLC,305.0,Education Services,2367576,500156,7514783,31.50558040065828,6.655627980209143,Green,Green
56,56,827,DL - Sonesta Technologies,305.0,Education Services,116918,9118,1794926,6.513806140197423,0.5079875159198763,Red,Red
57,57,2068,Joaki Digital Media LLC,37.0,Education Services,836183,28955,5248929,15.930545069289373,0.5516363433378505,Red,Red
58,58,2133,Terry Chew Academy,65.0,Education Services,13,1,0,13.276845851426081,1.092255757336921,Red,Red
59,59,2017,"Culver Franchising Systems, LLC",3.0,Food Products,0,0,0,13.276845851426081,1.092255757336921,Green,Green
60,60,1251,"Real Oil, LLC",,Gas Utilities,254836,20268,1204167,13.276845851426081,1.092255757336921,Red,Red
61,61,79,NM - Natural Mentor,232.0,Health Care Providers & Services,2953650,169987,17907106,16.494290032124677,0.949271199935936,Yellow,Yellow
62,62,80,PH - Present Health,247.0,Health Care Providers & Services,419561,40218,4519066,9.284241478216959,0.8899626604258492,Red,Red
63,63,89,Biotrust,207.0,Health Care Providers & Services,22152,133,0,13.276845851426081,1.092255757336921,Yellow,Red
64,64,91,Biotrust - Dedicated,207.0,Health Care Providers & Services,74984529,1631611,409374282,18.316863637271673,0.3985621646842974,Red,Green
65,65,94,PH - Natural Now Today,247.0,Health Care Providers & Services,15,1,0,13.276845851426081,1.092255757336921,Yellow,Red
66,66,186,Natural Health Sherpa,319.0,Health Care Providers & Services,61104702,7566141,243379579,25.106749814864294,3.1087821875145902,Green,Green
67,67,208,Get Lean In 12,236.0,Health Care Providers & Services,2611564,117333,11880174,21.982539986367204,0.9876370497603824,Yellow,Green
68,68,212,NHS Transactional,,Health Care Providers & Services,0,0,0,0.0,0.0,Red,Red
69,69,219,LSS - Live Smart Solutions,246.0,Health Care Providers & Services,7301362,572080,37731696,19.350738964927526,1.5161788645811203,Green,Green
70,70,401,Get Lean In 12 - Spanish,236.0,Health Care Providers & Services,34189,5034,129551,26.390379078509625,3.885728400398299,Green,Green
71,71,607,PH - Present Health 2,247.0,Health Care Providers & Services,935393,65950,6971644,13.4171079303533,0.945974866186512,Yellow,Red
72,72,744,PH - EDM,247.0,Health Care Providers & Services,0,0,0,0.0,0.0,Red,Red
73,73,1170,"Gamma Entertainment Inc,",65.0,Health Care Providers & Services,5821672,679527,23223624,25.067887768076165,2.9260161979887376,Green,Green
74,74,1290,Forever Living Products - Testing account,19.0,Health Care Providers & Services,12,0,1,1200.0,0.0,Red,Green
75,75,2009,East Side Marketing,91.0,Health Care Providers & Services,99313098,5618914,661417760,15.015184654249381,0.8495257218372848,Red,Yellow
76,76,2033,AlgaeCal Inc.,,Health Care Providers & Services,1069725,154104,3199367,33.4355202138423,4.8167028040234205,Green,Green
77,77,2044,Forever Living Products (U.K.) Limited,16.0,Health Care Providers & Services,471425,35526,2101601,22.431708016888077,1.6904255374830903,Green,Green
78,78,2143,helpforibs.com,71.0,Health Care Providers & Services,459,89,101,454.45544554455444,88.11881188118812,Green,Green
79,79,92,Rowley's Results,210.0,Healthcare,2439898,217784,13302073,18.342238837510514,1.6372184997030161,Green,Green
80,80,201,Rowley Results ESP,210.0,Healthcare,63693,7641,774912,8.219384910802775,0.9860474479682854,Yellow,Red
81,81,1019,MMB - Seven Nutrition,18.0,Healthcare,2417379,135574,22895985,10.558091298539898,0.5921300175554798,Red,Red
82,82,1144,Advertise Health CPA Network Inc.,34.0,Healthcare,4087211,143590,21269928,19.21591365988639,0.6750845606999704,Red,Green
83,83,1146,MMB - American Downfall,18.0,Healthcare,2731089,254159,18004848,15.168631248650364,1.4116142496731992,Green,Yellow
84,84,1155,MMB - Homesteader Depot,18.0,Healthcare,1024644,81132,7481142,13.69635812286413,1.0844868336946418,Green,Yellow
85,85,1156,MMB - Survival Stronghold,18.0,Healthcare,821521,71313,6432398,12.771613323678043,1.1086534135481045,Green,Red
86,86,1162,Teladoc Marketing,23.0,Healthcare,6398889,304950,31399277,20.379096626970107,0.9712007063092567,Yellow,Green
87,87,1184,Teladoc Transactional,23.0,Healthcare,283585,81478,574891,49.328481399082605,14.172773621434324,Green,Green
88,88,1277,AD - Diets Weekly,34.0,Healthcare,81070,5628,966015,8.392209230705527,0.5825996490737722,Red,Red
89,89,1278,AD - Marine Essentials,34.0,Healthcare,561461,8563,2227028,25.21122320868889,0.3845034727897449,Red,Green
90,90,1283,Teladoc - Benefits Emails,23.0,Healthcare,33209,4335,150254,22.101907436740454,2.885114539379983,Green,Green
91,91,1294,AD - Diets Nation,34.0,Healthcare,600495,29709,6721877,8.933442251323552,0.44197476389407303,Red,Red
92,92,1312,AD - Nu Era,34.0,Healthcare,1036821,39034,6106507,16.97895376194607,0.6392197699928944,Red,Green
93,93,1362,Teladoc - Client Services,23.0,Healthcare,10,0,0,13.276845851426081,0.0,Red,Yellow
94,94,1379,Teladoc - Physician,23.0,Healthcare,172817,13144,273797,63.118660905707515,4.800636968264809,Green,Green
95,95,1018,California Academy of Sciences,,"Hotels, Restaurants & Leisure",2299925,126869,8975718,25.623855384048383,1.413469095174336,Yellow,Green
96,96,1112,fuboTV,,"Hotels, Restaurants & Leisure",3791964,295147,17838440,21.25726240635392,1.6545561158935425,Green,Yellow
97,97,1048,FF - Fujifilm Canada,8.0,Household Durables,14934,1088,23747,62.88794374026193,4.581631363961764,Green,Yellow
98,98,1055,FF - Shoppers Photo,8.0,Household Durables,2823,26,2116,133.41209829867674,1.2287334593572778,Red,Green
99,99,2163,"Quote Velocity, LLC",,IT Services,11670,286,79958,13.276845851426081,1.092255757336921,Green,Yellow
100,100,1311,Wild Harvest Seeds Inc.,,Influencer,159068,10209,319895,13.276845851426081,1.092255757336921,Red,Red
101,101,108,DMF - Del Monte Fitness,220.0,Internet Personality,409968,17612,5740240,7.142001031315765,0.30681643973074296,Red,Red
102,102,275,DMF - Flavilicious Fitness,220.0,Internet Personality,825,125,19239,4.288164665523156,0.64972191901866,Red,Red
103,103,1050,Heenan Enterprises,,Internet Personality,8463568,703012,24386454,34.70602162987698,2.882797146317378,Green,Green
104,104,1057,Juiced Healthy Inc.,25.0,Internet Personality,314606,12988,5778542,5.444383721706964,0.22476257851894127,Red,Red
105,105,1182,Juiced Healthy Inc. - New,25.0,Internet Personality,2054173,123884,62702137,3.2760813239906006,0.19757540321153647,Red,Red
106,106,1241,"V Shred, LLC",,Internet Personality,32437227,1262554,124320385,26.091639758033246,1.0155647442694133,Yellow,Green
107,107,1300,Juiced Healthy,25.0,Internet Personality,171484,5868,7152300,2.3976063643862813,0.08204353844217945,Red,Red
108,108,2049,Mastermind LLC,20.0,Internet Personality,8457959,1256207,29450081,28.71964596633877,4.265546841789671,Green,Green
109,109,2054,Speed Wealth LLC,25.0,Internet Personality,1067635,152662,14000085,7.625917985497946,1.0904362366371347,Yellow,Red
110,110,2137,Billy Gene Is Marketing Inc.,69.0,Internet Personality,5948478,296323,46773943,12.717503846105085,0.6335215314218859,Red,Red
111,111,2173,Critical Bench Inc. (Mike Westerdal Account 2),87.0,Internet Personality,1505761,122623,8618698,17.47086392863516,1.4227555020491496,Green,Yellow
112,112,15,Cendyn - Hotel Commonwealth,249.0,Internet Software & Services,0,0,0,0.0,0.0,Red,Red
113,113,141,GHM - Beverly Hills MD,272.0,Internet Software & Services,7317465,671379,26130229,28.00383035296017,2.56935750543939,Green,Green
114,114,142,ISN Education,,Internet Software & Services,138632,11118,317173,43.70863850327739,3.5053425102388918,Green,Green
115,115,229,Jeff Hays Films,312.0,Internet Software & Services,3185102,377712,21393656,14.888067752421557,1.7655327354987853,Green,Yellow
116,116,230,Glenview Partners,257.0,Internet Software & Services,848011,68529,6052631,14.010617861885185,1.1322183691687135,Yellow,Yellow
117,117,255,FP- VegasWorld.,284.0,Internet Software & Services,838380,306483,9414327,8.905363070562558,3.255495586673376,Green,Red
118,118,271,FP- OurWorld,284.0,Internet Software & Services,71299,54512,558763,12.760150546832916,9.755835658409737,Green,Red
119,119,273,Cendyn - Firmdale Hotels,249.0,Internet Software & Services,87,0,0,13.276845851426081,0.0,Red,Yellow
120,120,274,FP- Zone Online Casino,284.0,Internet Software & Services,84392,30800,809112,10.430200021752242,3.806642343705198,Green,Red
121,121,276,FP- Casino World,284.0,Internet Software & Services,439142,188028,2315609,18.964427932349544,8.120023717302878,Green,Green
122,122,286,Cendyn - Wyndham Hotels & Resorts,249.0,Internet Software & Services,808,9,0,13.276845851426081,1.092255757336921,Yellow,Yellow
123,123,292,Cendyn - Stein Eriksen Lodge,249.0,Internet Software & Services,5,0,0,13.276845851426081,0.0,Red,Yellow
124,124,294,MV - Mindvalley Teach,286.0,Internet Software & Services,2015608,136090,16277763,12.382585985555878,0.8360485405764907,Red,Red
125,125,297,Cendyn - Hansar Hotels & Resorts,249.0,Internet Software & Services,0,0,0,0.0,0.0,Red,Red
126,126,311,MV - Finerminds,286.0,Internet Software & Services,28560,2723,309570,9.225700164744646,0.8796071970798205,Red,Red
127,127,351,Cendyn - Kingsmill Resort,249.0,Internet Software & Services,849,15,0,13.276845851426081,1.092255757336921,Yellow,Yellow
128,128,376,Cendyn - Hard Rock Hotels Corporate,249.0,Internet Software & Services,156,5,0,13.276845851426081,1.092255757336921,Yellow,Yellow
129,129,377,Cendyn - JB Duke Hotel,249.0,Internet Software & Services,45,1,0,13.276845851426081,1.092255757336921,Yellow,Yellow
130,130,405,Cendyn - Red Lion Hotels,249.0,Internet Software & Services,4011,85,0,13.276845851426081,1.092255757336921,Yellow,Yellow
131,131,426,Cendyn - Aqua Aston Hotels & Resorts,249.0,Internet Software & Services,644,24,0,13.276845851426081,1.092255757336921,Yellow,Yellow
132,132,435,Cendyn - PGA National Resort,249.0,Internet Software & Services,196,2,0,13.276845851426081,1.092255757336921,Yellow,Yellow
133,133,440,Cendyn - Frasers Hospitality,249.0,Internet Software & Services,23484,3415,70224,33.44155844155844,4.8630097972203234,Green,Green
134,134,466,Cendyn - L.E. Hotels,249.0,Internet Software & Services,68,2,0,13.276845851426081,1.092255757336921,Yellow,Yellow
135,135,472,Cendyn - Pinehurst Resort,249.0,Internet Software & Services,9,0,0,13.276845851426081,0.0,Red,Yellow
136,136,544,Cendyn - Live Nation,249.0,Internet Software & Services,7,0,0,13.276845851426081,0.0,Red,Yellow
137,137,553,Cendyn - Independent Collection,249.0,Internet Software & Services,1776,36,0,13.276845851426081,1.092255757336921,Yellow,Yellow
138,138,583,Mindvalley LLC,286.0,Internet Software & Services,34675583,2318656,277493242,12.496009902828554,0.8355720605260722,Red,Red
139,139,598,Cendyn - Bushkill Group,249.0,Internet Software & Services,0,0,0,0.0,0.0,Red,Red
140,140,599,CM - Scrapbook Expo,198.0,Internet Software & Services,2142101,183753,8845725,24.216228743262988,2.0773085303917993,Green,Green
141,141,618,Cendyn - Ace hotel,249.0,Internet Software & Services,1059,14,0,13.276845851426081,1.092255757336921,Yellow,Yellow
142,142,619,Cendyn - AJS,249.0,Internet Software & Services,538,9,0,13.276845851426081,1.092255757336921,Yellow,Yellow
143,143,620,Cendyn - AMResorts,249.0,Internet Software & Services,4239,232,0,13.276845851426081,1.092255757336921,Yellow,Yellow
144,144,622,Cendyn - Choctaw Casinos,249.0,Internet Software & Services,394,13,0,13.276845851426081,1.092255757336921,Yellow,Yellow
145,145,623,Cendyn - Cendyn Hotels,249.0,Internet Software & Services,100,38,0,13.276845851426081,1.092255757336921,Yellow,Yellow
146,146,624,Cendyn - Clevelander,249.0,Internet Software & Services,38,0,0,13.276845851426081,0.0,Red,Yellow
147,147,625,Cendyn - Crescent Hotels,249.0,Internet Software & Services,14,1,0,13.276845851426081,1.092255757336921,Yellow,Yellow
148,148,626,Cendyn - Denihan Hospitality,249.0,Internet Software & Services,5126,84,0,13.276845851426081,1.092255757336921,Yellow,Yellow
149,149,627,Cendyn - Eagle Ridge,249.0,Internet Software & Services,185,4,0,13.276845851426081,1.092255757336921,Yellow,Yellow
150,150,628,Cendyn - Faena Hotels,249.0,Internet Software & Services,612,15,0,13.276845851426081,1.092255757336921,Yellow,Yellow
151,151,629,Cendyn - Fontainebleau Miami Beach,249.0,Internet Software & Services,2108,27,0,13.276845851426081,1.092255757336921,Yellow,Yellow
152,152,630,Cendyn - International Hospitality Enterprises,249.0,Internet Software & Services,555,9,0,13.276845851426081,1.092255757336921,Yellow,Yellow
153,153,631,Cendyn - KSL Resorts,249.0,Internet Software & Services,4765,112,0,13.276845851426081,1.092255757336921,Yellow,Yellow
154,154,632,Cendyn - Loews Hotels and Resorts,249.0,Internet Software & Services,4344,73,0,13.276845851426081,1.092255757336921,Yellow,Yellow
155,155,633,Cendyn - Ladera Resort,249.0,Internet Software & Services,7,1,0,13.276845851426081,1.092255757336921,Yellow,Yellow
156,156,634,Cendyn - Noble House Hotels & Resorts,249.0,Internet Software & Services,2982,108,0,13.276845851426081,1.092255757336921,Yellow,Yellow
157,157,635,Cendyn - Nobu Hospitality LLC,249.0,Internet Software & Services,941,22,0,13.276845851426081,1.092255757336921,Yellow,Yellow
158,158,636,Cendyn - Ocean Properties Ltd,249.0,Internet Software & Services,6065,4,0,13.276845851426081,1.092255757336921,Yellow,Yellow
159,159,637,Cendyn - One King West Hotel & Residence,249.0,Internet Software & Services,206,2,0,13.276845851426081,1.092255757336921,Yellow,Yellow
160,160,639,Cendyn - Proper Hotels,249.0,Internet Software & Services,304,10,0,13.276845851426081,1.092255757336921,Yellow,Yellow
161,161,640,Cendyn - Pyramid Hotel Group,249.0,Internet Software & Services,240,5,0,13.276845851426081,1.092255757336921,Yellow,Yellow
162,162,641,Cendyn - Q Burke Mountain Resort,249.0,Internet Software & Services,0,0,0,0.0,0.0,Red,Red
163,163,642,Cendyn - Radisson Blu Hotels & Resorts,249.0,Internet Software & Services,0,0,0,0.0,0.0,Red,Red
164,164,643,Cendyn - Rosewood Hotels & Resorts,249.0,Internet Software & Services,4713,80,0,13.276845851426081,1.092255757336921,Yellow,Yellow
165,165,644,Cendyn - Round Hill Hotel & Villas,249.0,Internet Software & Services,92,2,0,13.276845851426081,1.092255757336921,Yellow,Yellow
166,166,645,Cendyn - Sage Hospitality,249.0,Internet Software & Services,520,7,0,13.276845851426081,1.092255757336921,Yellow,Yellow
167,167,646,Cendyn - Sandia Resort & Casino,249.0,Internet Software & Services,18,1,0,13.276845851426081,1.092255757336921,Yellow,Yellow
168,168,647,Cendyn - Sotherly Hotels Inc,249.0,Internet Software & Services,369,12,0,13.276845851426081,1.092255757336921,Yellow,Yellow
169,169,648,Cendyn - St. Joe Club and Resorts,249.0,Internet Software & Services,41,1,0,13.276845851426081,1.092255757336921,Yellow,Yellow
170,170,649,Cendyn - The Standard Hotels,249.0,Internet Software & Services,688,6,0,13.276845851426081,1.092255757336921,Yellow,Yellow
171,171,650,Cendyn - Stepstone Hospitality,249.0,Internet Software & Services,27,2,0,13.276845851426081,1.092255757336921,Yellow,Yellow
172,172,651,Cendyn - The Breakers Palm Beach,249.0,Internet Software & Services,173,4,0,13.276845851426081,1.092255757336921,Yellow,Yellow
173,173,652,Cendyn - Trump Organization,249.0,Internet Software & Services,12,0,0,13.276845851426081,0.0,Red,Yellow
174,174,653,Cendyn - UVA Host Properties,249.0,Internet Software & Services,66,2,0,13.276845851426081,1.092255757336921,Yellow,Yellow
175,175,654,Cendyn - Washington Duke Inn,249.0,Internet Software & Services,382,8,0,13.276845851426081,1.092255757336921,Yellow,Yellow
176,176,655,Cendyn - Interstate Hotels,249.0,Internet Software & Services,0,0,0,0.0,0.0,Red,Red
177,177,656,Cendyn - The Mulia,249.0,Internet Software & Services,197,8,0,13.276845851426081,1.092255757336921,Yellow,Yellow
178,178,657,Cendyn - Omni Rancho Las Palmas,249.0,Internet Software & Services,0,0,0,0.0,0.0,Red,Red
179,179,658,Cendyn - Sandy Lane Company,249.0,Internet Software & Services,153,9,0,13.276845851426081,1.092255757336921,Yellow,Yellow
180,180,660,Cendyn - Windjammer Landing,249.0,Internet Software & Services,0,0,0,0.0,0.0,Red,Red
181,181,661,Cendyn - White Lodging Corporation,249.0,Internet Software & Services,121,0,0,13.276845851426081,0.0,Red,Yellow
182,182,667,Cendyn - Bernardus Lodge,249.0,Internet Software & Services,10,0,0,13.276845851426081,0.0,Red,Yellow
183,183,681,Cendyn - Sweet Inn,249.0,Internet Software & Services,0,0,0,0.0,0.0,Red,Red
184,184,685,Cellnamics,257.0,Internet Software & Services,25610,687,0,13.276845851426081,1.092255757336921,Yellow,Yellow
185,185,695,Cendyn - Adare Manor,249.0,Internet Software & Services,23,0,0,13.276845851426081,0.0,Red,Yellow
186,186,697,Cendyn - The Broadmoor,249.0,Internet Software & Services,954,10,0,13.276845851426081,1.092255757336921,Yellow,Yellow
187,187,703,Cendyn - Granduca Hotels,249.0,Internet Software & Services,100,1,0,13.276845851426081,1.092255757336921,Yellow,Yellow
188,188,734,Cendyn - Okura Hotels and Resorts,249.0,Internet Software & Services,340,5,0,13.276845851426081,1.092255757336921,Yellow,Yellow
189,189,754,EM - Enrich Marketing Inc.,313.0,Internet Software & Services,2225316,222814,11653121,19.096309048880553,1.9120542900052269,Green,Green
190,190,782,Cendyn - Salt Hotels,249.0,Internet Software & Services,0,0,0,0.0,0.0,Red,Red
191,191,786,Cendyn - Sydell Group,249.0,Internet Software & Services,87,0,0,13.276845851426081,0.0,Red,Yellow
192,192,792,Cendyn - Greystone Hotels,249.0,Internet Software & Services,242,8,0,13.276845851426081,1.092255757336921,Yellow,Yellow
193,193,793,Cendyn - Hersha Hospitality Management Co.,249.0,Internet Software & Services,5,0,0,13.276845851426081,0.0,Red,Yellow
194,194,801,Cendyn - CoCo Key Hotel & Water Resort,249.0,Internet Software & Services,35,0,0,13.276845851426081,0.0,Red,Yellow
195,195,803,Cendyn - Hotel Icon,249.0,Internet Software & Services,462,6,0,13.276845851426081,1.092255757336921,Yellow,Yellow
196,196,808,Cendyn - Makar Properties,249.0,Internet Software & Services,133,4,0,13.276845851426081,1.092255757336921,Yellow,Yellow
197,197,809,Cendyn - NYLO Hotels,249.0,Internet Software & Services,112,3,0,13.276845851426081,1.092255757336921,Yellow,Yellow
198,198,810,Cendyn - Provenance Hotels,249.0,Internet Software & Services,972,19,0,13.276845851426081,1.092255757336921,Yellow,Yellow
199,199,812,Cendyn - Hoxton Hotels,249.0,Internet Software & Services,1277,24,0,13.276845851426081,1.092255757336921,Yellow,Yellow
200,200,814,Cendyn - Rydges Hotels,249.0,Internet Software & Services,3480,134,0,13.276845851426081,1.092255757336921,Yellow,Yellow
201,201,831,Cendyn - Virgin Hotels,249.0,Internet Software & Services,86,2,0,13.276845851426081,1.092255757336921,Yellow,Yellow
202,202,832,Cendyn - Turnberry Isle Miami,249.0,Internet Software & Services,149,7,0,13.276845851426081,1.092255757336921,Yellow,Yellow
203,203,833,Cendyn - Iberostar Hotels and Resorts,249.0,Internet Software & Services,0,0,0,0.0,0.0,Red,Red
204,204,834,Cendyn - Saunders Hotel Group,249.0,Internet Software & Services,82,2,0,13.276845851426081,1.092255757336921,Yellow,Yellow
205,205,835,Cendyn - The Beaumont,249.0,Internet Software & Services,2,0,0,13.276845851426081,0.0,Red,Yellow
206,206,836,Cendyn - Columbia Hospitality,249.0,Internet Software & Services,519,37,0,13.276845851426081,1.092255757336921,Yellow,Yellow
207,207,839,Cendyn - Belle Mont Farm,249.0,Internet Software & Services,0,0,0,0.0,0.0,Red,Red
208,208,840,EM - Clarity Nutrition,313.0,Internet Software & Services,420,41,1113,37.735849056603776,3.6837376460017968,Green,Green
209,209,1002,LF - eHow Verticals,1.0,Internet Software & Services,841904,89777,8819504,9.5459336488764,1.0179370631273597,Red,Red
210,210,1003,LF - eHow,1.0,Internet Software & Services,717307,134183,1320199,54.33324824515092,10.163846511018415,Green,Green
211,211,1005,LF - Society6,1.0,Internet Software & Services,22205656,1708990,138043928,16.085934616407034,1.238004470576931,Yellow,Yellow
212,212,1008,LF - Saatchi Art,1.0,Internet Software & Services,6119143,601568,37004266,16.536317731582624,1.6256720238688156,Green,Green
213,213,1072,LF - Corp Comm,1.0,Internet Software & Services,7834,614,10054,77.9192361249254,6.107022080763875,Green,Green
214,214,1140,DFO Global Performance Commerce Ltd,47.0,Internet Software & Services,19356453,993308,93025979,20.80757784876416,1.0677748416923407,Yellow,Green
215,215,1167,LF - Deny Designs,1.0,Internet Software & Services,31232,3422,146459,21.324739346847924,2.33649007572085,Green,Green
216,216,1186,Cendyn - Almanac Barcelona,24.0,Internet Software & Services,0,0,0,0.0,0.0,Red,Red
217,217,1187,Cendyn - Bayview International,24.0,Internet Software & Services,0,0,0,0.0,0.0,Red,Red
218,218,1191,Cendyn - Highgate,24.0,Internet Software & Services,267,1,0,13.276845851426081,1.092255757336921,Yellow,Yellow
219,219,1195,Fisico Inc.,60.0,Internet Software & Services,4115369,323035,16144672,25.4905705114356,2.000876821777488,Green,Green
220,220,1207,Cendyn - Bartell Hotels,24.0,Internet Software & Services,361,66,0,13.276845851426081,1.092255757336921,Yellow,Yellow
221,221,1208,Cendyn - Pacific Hospitality Group,24.0,Internet Software & Services,192,19,0,13.276845851426081,1.092255757336921,Yellow,Yellow
222,222,1216,Cendyn - Associated Luxury Hotels International,24.0,Internet Software & Services,0,0,0,0.0,0.0,Red,Red
223,223,1217,Cendyn - Mystays Hotel Management,24.0,Internet Software & Services,0,0,0,0.0,0.0,Red,Red
224,224,1218,Cendyn - Maybourne Hotel Group,24.0,Internet Software & Services,0,0,0,0.0,0.0,Red,Red
225,225,1232,Cendyn - Minor Hotel Group,24.0,Internet Software & Services,0,0,0,0.0,0.0,Red,Red
226,226,1235,Cendyn - Pilgrm Hotel,24.0,Internet Software & Services,0,0,0,0.0,0.0,Red,Red
227,227,1236,Cendyn - RCD Hotels,24.0,Internet Software & Services,0,0,0,0.0,0.0,Red,Red
228,228,1245,Cendyn - Montage Hotels and Resorts,24.0,Internet Software & Services,0,0,0,0.0,0.0,Red,Red
229,229,1262,Cendyn - Arlo Hotels,24.0,Internet Software & Services,0,0,0,0.0,0.0,Red,Red
230,230,1263,Cendyn - Set Hotels,24.0,Internet Software & Services,0,0,0,0.0,0.0,Red,Red
231,231,1270,Cendyn - Mohonk Mountain House,24.0,Internet Software & Services,0,0,0,0.0,0.0,Red,Red
232,232,1282,Cendyn - Colonial Willimasburgh Hotels,24.0,Internet Software & Services,0,0,0,0.0,0.0,Red,Red
233,233,1291,Cendyn - Hotel Vic on the Harbour,24.0,Internet Software & Services,0,0,0,0.0,0.0,Red,Red
234,234,1306,Cendyn - Point A Hotels,24.0,Internet Software & Services,0,0,0,0.0,0.0,Red,Red
235,235,1314,Cendyn - EOS Hospitality,24.0,Internet Software & Services,0,0,0,0.0,0.0,Red,Red
236,236,1315,Cendyn - The Huntley Hotel,24.0,Internet Software & Services,0,0,0,0.0,0.0,Red,Red
237,237,1330,Cendyn - Margaritaville,24.0,Internet Software & Services,0,0,0,0.0,0.0,Red,Red
238,238,1351,LF - Hunker,1.0,Internet Software & Services,363602,49141,2226960,16.32728023853145,2.2066404425764268,Green,Green
239,239,1356,Swell Ecommerce Ltd,47.0,Internet Software & Services,43896,2828,1139382,3.8526148385703824,0.24820472852827236,Red,Red
240,240,1360,Cendyn - The Mulia,24.0,Internet Software & Services,1316,63,0,13.276845851426081,1.092255757336921,Yellow,Yellow
241,241,1369,BlueSky Investments LLC,47.0,Internet Software & Services,617913,56299,4748203,13.013617994007417,1.18569067076534,Yellow,Yellow
242,242,1397,Lowest Rates Inc.,54.0,Internet Software & Services,4032105,183673,15479486,26.04805482559305,1.1865574864695119,Yellow,Green
243,243,1399,"PowerToFly, Inc.",,Internet Software & Services,1538669,127694,6526154,23.576964319260625,1.9566501188908507,Green,Green
244,244,2005,DFO - eCom Global LLC,1.0,Internet Software & Services,345,44,448,77.00892857142857,9.821428571428571,Green,Green
245,245,2010,DFO - Spoglio LLC,1.0,Internet Software & Services,35345,1898,463273,7.629410736218169,0.4096936363655987,Red,Red
246,246,2020,"Lido Labs, LLC",,Internet Software & Services,773786,193238,6316621,12.249998852234446,3.0591988976384688,Green,Red
247,247,2069,"Global Publishing, Inc.",38.0,Internet Software & Services,668673,50958,3691661,18.11306617806998,1.3803542632977406,Green,Green
248,248,2128,Beyond Finance,62.0,Internet Software & Services,40163,9467,348055,11.539268219103302,2.7199724181523033,Green,Red
249,249,2130,Aerin Medical,64.0,Internet Software & Services,10194,747,35496,28.71872887085869,2.1044624746450307,Green,Green
250,250,2161,Gotham Club LLC,,Internet Software & Services,1792807,196562,7072321,25.34962708847633,2.7793138914367717,Green,Green
251,251,2194,Traders Innovation LLC,,Internet Software & Services,8984,564,83464,10.76392217003738,0.6757404389916611,Red,Red
252,252,101,Rexel - NL,279.0,Manufacturing,84170,8231,278656,30.20570165365181,2.953821198897565,Yellow,Green
253,253,291,Rexel - Westburne,279.0,Manufacturing,194140,15992,501987,38.674308298820485,3.185739869757583,Yellow,Green
254,254,314,Rexel - Nedco,279.0,Manufacturing,53262,4402,180419,29.521281018074593,2.4398760662679653,Red,Green
255,255,391,Rexel - Denmans UK,279.0,Manufacturing,171156,11192,596043,28.71537791736502,1.87771687613142,Red,Green
256,256,441,Rexel - Atlantic,279.0,Manufacturing,35664,19595,86762,41.10555312233466,22.584772135266594,Green,Green
257,257,686,Rexel - DE,279.0,Manufacturing,256016,27427,936178,27.34693615957649,2.929677903133806,Yellow,Green
258,258,711,Rexel - USA,279.0,Manufacturing,498193,124457,2292403,21.732348108076984,5.429106487820859,Green,Yellow
259,259,777,Rexel - SE,279.0,Manufacturing,477657,35866,2019602,23.65104609720133,1.7758944584130933,Red,Yellow
260,260,820,Rexel - BE,279.0,Manufacturing,30012,2660,61903,48.48230295785342,4.297045377445358,Green,Green
261,261,830,Rexel - Elektroskandia NO,279.0,Manufacturing,42925,6252,113585,37.79108156886913,5.504247920059867,Green,Green
262,262,837,Rexel - Ideal NZ,279.0,Manufacturing,111967,6030,366889,30.51794957057857,1.6435488662783566,Red,Green
263,263,55,WAM - Science Of Stress,250.0,Media,52,1,0,13.276845851426081,1.092255757336921,Red,Red
264,264,75,TAD - The Alternative Daily,234.0,Media,34603639,3421640,290001524,11.93222660443674,1.1798696616504678,Red,Red
265,265,102,Burn20,,Media,2211697,15458,10379564,21.308187896909736,0.1489272574454958,Red,Green
266,266,132,Monster Wave Media,,Media,4288689,280532,53604214,8.000656440928319,0.5233394523796208,Red,Red
267,267,144,TTAC Publishing,316.0,Media,21875123,944148,116625408,18.756738668815633,0.8095560102992309,Red,Green
268,268,224,NPM - Astrology Answers,211.0,Media,252539,6175,50646,498.6356276902421,12.192473245665996,Green,Green
269,269,242,WAM - Dr. Vegher,250.0,Media,5440048,210830,19156829,28.39743466938083,1.100547486225408,Red,Green
270,270,244,NPM - AA India,211.0,Media,167,5,0,13.276845851426081,1.092255757336921,Red,Red
271,271,364,Wholetones,,Media,1276295,107629,7284991,17.51951375094355,1.477407453214424,Red,Green
272,272,427,TTAC Publishing Transactional Emailing,,Media,0,0,0,0.0,0.0,Red,Red
273,273,465,TAD - The Alternative Daily - French,234.0,Media,299268,70211,1386103,21.59060329571468,5.065352286229811,Green,Green
274,274,473,TAD - UpWellness,234.0,Media,2908840,296014,33225155,8.754932821231383,0.8909333906794416,Red,Red
275,275,481,WAM - Garage Warrior,250.0,Media,5421879,175990,16842962,32.19076905831646,1.0448874728803639,Red,Green
276,276,617,WAM - The Warrior Wife,250.0,Media,8198642,368336,25551331,32.08694686002854,1.4415530838687034,Red,Green
277,277,755,NY Post,326.0,Media,54856964,13841148,278243139,19.71547769233584,4.974479532449496,Green,Green
278,278,778,NPM - Pro Trainers Association,211.0,Media,0,0,0,0.0,0.0,Red,Red
279,279,1161,70 Faces Media,,Media,13612351,2645080,52162014,26.09629106728893,5.070893159915182,Green,Green
280,280,1281,WAM - Warrior Made,35.0,Media,13506919,845127,60976063,22.151182505830196,1.385997977599833,Red,Green
281,281,1323,Haymarket Medical,42.0,Media,40488302,2534828,258176134,15.682434070377708,0.9818211934337819,Red,Yellow
282,282,1324,Haymarket PRWeek,42.0,Media,3563561,117847,21892639,16.27743918857841,0.5382950863073199,Red,Yellow
283,283,1326,Haymarket McKnight's,42.0,Media,6612156,976135,34046965,19.420691389085633,2.867025005018803,Green,Green
284,284,1327,Haymarket MM&M/PMD,42.0,Media,2493445,185506,16451726,15.156130122760372,1.1275777386518593,Red,Yellow
285,285,1331,Scripps Media Inc.,43.0,Media,0,0,0,0.0,0.0,Red,Red
286,286,1333,Scripps - Local Media,43.0,Media,52295135,9174123,345478565,15.13701291424549,2.655482547810166,Green,Yellow
287,287,1334,Scripps - Corporate,43.0,Media,0,0,0,0.0,0.0,Red,Red
288,288,1335,Scripps - Newsy,43.0,Media,1676471,165923,7802187,21.487193270297162,2.126621676717054,Yellow,Green
289,289,1336,Scripps - Development,43.0,Media,9429,27,83817,11.249507856401445,0.03221303554171588,Red,Red
290,290,1380,"Spa Week Media Group, Ltd.",50.0,Media,7260444,131182,72461242,10.019762012911675,0.18103747103865542,Red,Red
291,291,1392,WAM - Workout Warriors,35.0,Media,1948303,72628,8937846,21.798350519800856,0.8125895210098719,Red,Green
292,292,2013,Foundr Media Pty Ltd,,Media,4379219,151876,25269720,17.329907098297884,0.601019718461463,Red,Green
293,293,2039,Fruition Growth LLC,13.0,Media,127794,8663,2013145,6.34797791515266,0.43032171055736174,Red,Red
294,294,2058,Direct Mailers Group LLC,28.0,Media,7659390,1937324,33480936,22.876869392181867,5.786349581146716,Green,Green
295,295,2092,Dogs Naturally Magazine Inc,,Media,0,0,0,0.0,0.0,Red,Red
296,296,2158,Ad Practitioners LLC,82.0,Media,4266527,866318,19244070,22.17060632184356,4.5017400165349635,Green,Green
297,297,1345,Wealthpire Inc,64.0,Media/Publishing,8494705,445048,69201872,13.276845851426081,1.092255757336921,Green,Green
298,298,2145,The National Society of Collegiate Scholars,73.0,Non-Profit,5876693,259401,19387836,13.276845851426081,1.092255757336921,Yellow,Red
299,299,62,World Health Edmonton inc,,Professional Services,236,17,0,13.276845851426081,1.092255757336921,Green,Green
300,300,324,Health and Research LLC,,Professional Services,368158,71214,1100415,33.456286946288444,6.471558457491038,Green,Green
301,301,362,F - Cleveland Clinic,261.0,Professional Services,90196,6799,880762,10.2406779584042,0.7719452019955447,Green,Red
302,302,574,Success - SUCCESS Partners,277.0,Professional Services,8039541,539464,43009966,18.692274716050694,1.2542767413487377,Green,Green
303,303,684,Evolving Wisdom LLC,300.0,Professional Services,14828701,725948,139755157,10.610485736851913,0.5194427279703174,Red,Yellow
304,304,773,F - Cleveland Clinic - Canada,261.0,Professional Services,89,3,0,13.276845851426081,1.092255757336921,Green,Green
305,305,788,F - The North American Menopause Society,261.0,Professional Services,51435,5547,143270,35.900746841627694,3.8717107559154043,Green,Green
306,306,1068,EAA - enCOMPASS Advertising Agency,14.0,Professional Services,1703,284,6621,25.72119015254493,4.289382268539495,Green,Green
307,307,1077,EAA - Cadillac of Fayetteville,14.0,Professional Services,2,0,0,13.276845851426081,0.0,Red,Green
308,308,1078,EAA -  Dutch Miller Kia,14.0,Professional Services,0,0,0,0.0,0.0,Red,Red
309,309,1079,EAA - Hickory Mazda,14.0,Professional Services,84,0,0,13.276845851426081,0.0,Red,Green
310,310,1080,EAA - Hickory Mitsubishi,14.0,Professional Services,10,1,0,13.276845851426081,1.092255757336921,Green,Green
311,311,1081,EAA - Lumberton Auto,14.0,Professional Services,3,0,0,13.276845851426081,0.0,Red,Green
312,312,1082,EAA - Subaru Concord,14.0,Professional Services,20387,1357,77466,26.317352128675807,1.7517362455787056,Green,Green
313,313,1083,EAA - Subaru South Blvd,14.0,Professional Services,21474,1423,80893,26.54617828489486,1.759113891189596,Green,Green
314,314,1084,EAA - Capilia Madison,14.0,Professional Services,424,18,1863,22.758990874932906,0.966183574879227,Green,Green
315,315,1086,EAA - Elite Hair Solutions,14.0,Professional Services,716,27,3805,18.817345597897503,0.709592641261498,Yellow,Green
316,316,1087,EAA - Hair Professionals,14.0,Professional Services,349,23,1050,33.23809523809524,2.1904761904761907,Green,Green
317,317,1088,EAA - Hair Transplant & Restoration Center,14.0,Professional Services,190,13,698,27.22063037249284,1.8624641833810889,Green,Green
318,318,1089,EAA - LH Hair,14.0,Professional Services,218,4,1065,20.469483568075116,0.3755868544600939,Red,Green
319,319,1090,EAA - Mane Image Hair,14.0,Professional Services,4107,258,30052,13.66631172634101,0.8585119126846799,Green,Green
320,320,1091,EAA - Unique Hair Concepts,14.0,Professional Services,966,82,5228,18.47742922723795,1.5684774292272379,Green,Green
321,321,1092,EAA - Autobell Car Wash,14.0,Professional Services,2453,112,0,13.276845851426081,1.092255757336921,Green,Green
322,322,1093,EAA - Autobell Car Wash Employees,14.0,Professional Services,212,23,0,13.276845851426081,1.092255757336921,Green,Green
323,323,1094,EAA - A Goodnight Sleepstore,14.0,Professional Services,0,0,0,0.0,0.0,Red,Red
324,324,1095,EAA - Cabro Logistics,14.0,Professional Services,0,0,0,0.0,0.0,Red,Red
325,325,1096,EAA  - Carolina Custom Wheels,14.0,Professional Services,0,0,0,0.0,0.0,Red,Red
326,326,1097,EAA - Egolf Motors,14.0,Professional Services,0,0,0,0.0,0.0,Red,Red
327,327,1098,EAA - Grapevine,14.0,Professional Services,0,0,0,0.0,0.0,Red,Red
328,328,1099,EAA - Greenway Mazda,14.0,Professional Services,0,0,0,0.0,0.0,Red,Red
329,329,1100,EAA - Howco,14.0,Professional Services,5,1,0,13.276845851426081,1.092255757336921,Green,Green
330,330,1101,EAA - iClick Auto,14.0,Professional Services,0,0,0,0.0,0.0,Red,Red
331,331,1102,EAA - Lamulle Construction,14.0,Professional Services,0,0,0,0.0,0.0,Red,Red
332,332,1103,EAA - Spooky Marketing,14.0,Professional Services,0,0,0,0.0,0.0,Red,Red
333,333,1105,EAA - Hair Restoration,14.0,Professional Services,0,0,0,0.0,0.0,Red,Red
334,334,1107,EAA - MHN Hair Studio,14.0,Professional Services,328,25,1822,18.00219538968167,1.3721185510428102,Green,Green
335,335,1115,EAA - Ambiance,14.0,Professional Services,0,0,0,0.0,0.0,Red,Red
336,336,1116,EAA - Continental Hair Illusions,14.0,Professional Services,0,0,0,0.0,0.0,Red,Red
337,337,1117,EAA - Custom Design Hair,14.0,Professional Services,0,0,0,0.0,0.0,Red,Red
338,338,1118,EAA - Hair Technologies,14.0,Professional Services,115,5,449,25.612472160356347,1.1135857461024499,Green,Green
339,339,1119,EAA - Hair Vital,14.0,Professional Services,424,23,2058,20.602526724975704,1.1175898931000972,Green,Green
340,340,1120,EAA - Images International,14.0,Professional Services,194,6,1027,18.889970788704964,0.5842259006815969,Red,Green
341,341,1121,EAA - Images of Princeton,14.0,Professional Services,284,13,1086,26.151012891344383,1.1970534069981584,Green,Green
342,342,1122,EAA - Ladonna Roye,14.0,Professional Services,225,10,629,35.77106518282989,1.5898251192368837,Green,Green
343,343,1123,EAA - New Image Hair,14.0,Professional Services,460,14,2485,18.51106639839034,0.5633802816901409,Red,Green
344,344,1124,EAA - Options Hair,14.0,Professional Services,0,0,0,0.0,0.0,Red,Red
345,345,1125,EAA - Raleigh Hair,14.0,Professional Services,384,22,2078,18.479307025986525,1.0587102983638113,Green,Green
346,346,1171,EAA - New Look Institute,14.0,Professional Services,560,26,3056,18.32460732984293,0.8507853403141361,Green,Green
347,347,1178,EAA - Full Circle Hair,14.0,Professional Services,0,0,0,0.0,0.0,Red,Red
348,348,1258,EAA - IMAGE ANEW,14.0,Professional Services,0,0,0,0.0,0.0,Red,Red
349,349,1259,EAA - Transitions Hair Solutions,14.0,Professional Services,0,0,0,0.0,0.0,Red,Red
350,350,1304,F - The University of Akron,38.0,Professional Services,354619,35856,1399546,25.338145369998553,2.5619736686039616,Green,Green
351,351,1343,EAA - enCOMPASS Hair Experts,14.0,Professional Services,4,1,0,13.276845851426081,1.092255757336921,Green,Green
352,352,1374,EAA - Bella Vita Medical Center,14.0,Professional Services,214,2,661,32.37518910741301,0.30257186081694404,Red,Green
353,353,1398,EAA- Transitions of Wisconsin,14.0,Professional Services,408,14,1084,37.63837638376384,1.2915129151291513,Green,Green
354,354,2006,F - BVU,2.0,Professional Services,27027,3342,128659,21.006692108597143,2.597564103560575,Green,Green
355,355,2021,EAA- Mecklenburg Community Church,7.0,Professional Services,5710,475,36169,15.786999917056043,1.3132793276009842,Green,Green
356,356,2148,Onmarkete LLC,76.0,Professional Services,989233,63656,6709680,14.743370771780473,0.9487188658773593,Green,Green
357,357,2238,"MicroQuant, LLC DBA Base Camp Trading",97.0,Professional Services,3135,0,16392,19.125183016105417,0.0,Red,Green
358,358,126,TradeWins Publishing,,Publisher,3654390,328178,25077059,14.572641871600652,1.3086781827167213,Yellow,Yellow
359,359,1165,"Conversionology Media, S-corp",,Publisher,59981115,4991954,372866028,16.086505740876987,1.3388063339468406,Green,Green
360,360,350,FortuneBuilders Inc,309.0,Real Estate,11112168,581442,44502233,24.969911060418024,1.3065456737867513,Green,Green
361,361,829,FortuneBuilders Coaching,309.0,Real Estate,362659,29487,1326430,27.340982939167542,2.2230347624827544,Green,Green
362,362,2166,Real Estate Worldwide LLC,,Real Estate,841167,28566,8570800,9.81433471787931,0.3332944415923834,Red,Red
363,363,183,Golf Game Tips,256.0,Recreation,12605754,487685,37809743,33.33996213621447,1.2898394998347384,Green,Green
364,364,680,Change That Up,256.0,Recreation,30828872,447519,103612209,29.754092010527444,0.431917246354626,Red,Yellow
365,365,25,WR Group,,Retail,7616746,363704,74133435,10.274373499622675,0.4906072408488828,Yellow,Yellow
366,366,1110,Unimed Int. Inc.,,Retail,457838,23179,5685745,8.052383636621059,0.40766865204120123,Red,Red
367,367,1209,SNS - Science Natural Supplements S-Corp,45.0,Retail,2586173,142139,8528716,30.32312249581297,1.6665931894085815,Green,Green
368,368,1349,SNS - Healthy Dogs,45.0,Retail,5,1,0,13.276845851426081,1.092255757336921,Green,Green
369,369,1177,Warby Parker,21.0,Retailing,12857470,973599,63957572,20.10312398975996,1.5222575991471345,Green,Yellow
370,370,2168,"Sante Fe Holdings, LLC",93.0,Retailing,10585448,618998,42288635,25.03142510984334,1.463745519333977,Yellow,Green
371,371,1020,SCOTT Sports - B2C,5.0,"Textiles, Apparel & Luxury Goods",242453,35014,1338706,18.110996738641642,2.6155107992344844,Green,Green
372,372,1026,SCOTT Sports - Avanti Plus,5.0,"Textiles, Apparel & Luxury Goods",258962,23934,1673608,15.473276896381948,1.430083986214215,Red,Yellow
373,373,1242,SCOTT Sports - Dolomite B2C,5.0,"Textiles, Apparel & Luxury Goods",10698,2564,14493,73.81494514593253,17.691299247912788,Green,Green
374,374,1337,SCOTT Sports - Poivre-Blanc,5.0,"Textiles, Apparel & Luxury Goods",537,102,726,73.96694214876032,14.049586776859504,Green,Green
375,375,77,C - Weenie Tees,208.0,eCommerce,1,0,0,13.276845851426081,0.0,Red,Yellow
376,376,93,C - Self Meaning,208.0,eCommerce,0,0,0,0.0,0.0,Red,Red
377,377,96,Fitology,,eCommerce,1598753,114297,8711176,18.352895177413476,1.312073134557263,Green,Green
378,378,110,C - Survival Life,208.0,eCommerce,46398,2431,0,13.276845851426081,1.092255757336921,Green,Yellow
379,379,111,C - Absolute Rights,208.0,eCommerce,23613,1363,3,787100.0,45433.33333333333,Green,Green
380,380,112,C - Absolute Wealth,208.0,eCommerce,451,33,0,13.276845851426081,1.092255757336921,Green,Yellow
381,381,122,C - Startup Jungle,208.0,eCommerce,489,140,2377,20.5721497686159,5.889777029869584,Green,Green
382,382,135,GHM - WBR - Whole Body Research,230.0,eCommerce,601701,17204,1522758,39.513895182294235,1.129792127179762,Green,Green
383,383,167,GHM - WBR - Probiotic America,230.0,eCommerce,1005488,34099,3102234,32.411739411018,1.0991756263389545,Green,Green
384,384,173,C - You're So Pretty,208.0,eCommerce,60,7,0,13.276845851426081,1.092255757336921,Green,Yellow
385,385,174,C - Homesteading,208.0,eCommerce,432321,51542,3206096,13.484343575488694,1.6076249744237228,Green,Yellow
386,386,175,C - Perry Belcher,208.0,eCommerce,1934,481,23933,8.08089249153888,2.009777294948398,Green,Red
387,387,177,C - How to Invest your Money,208.0,eCommerce,219,14,0,13.276845851426081,1.092255757336921,Green,Yellow
388,388,187,C - Funny Weird,208.0,eCommerce,0,0,0,0.0,0.0,Red,Red
389,389,188,C - Alfred Churchill,208.0,eCommerce,0,0,0,0.0,0.0,Red,Red
390,390,199,C - Home Made Recipes,208.0,eCommerce,228235,30006,6115568,3.7320327400496565,0.4906494376319583,Red,Red
391,391,200,C - Makeup Tutorials,208.0,eCommerce,83083,5104,6343066,1.3098239873272641,0.0804658188957832,Red,Red
392,392,215,C - How Men Dress,208.0,eCommerce,0,0,0,0.0,0.0,Red,Red
393,393,216,C - Survival Life - New,208.0,eCommerce,9812422,806805,230264231,4.261374837675071,0.3503822528128565,Red,Red
394,394,237,GHM - WBR - Live Cell Research,230.0,eCommerce,2573910,102171,9279431,27.7377998715654,1.1010481138337038,Green,Green
395,395,249,C - Ventury Capital,208.0,eCommerce,37,0,0,13.276845851426081,0.0,Red,Yellow
396,396,263,C - Family Protection Association,208.0,eCommerce,547,54,111,492.7927927927928,48.64864864864865,Green,Green
397,397,277,C - National Crafts Society,208.0,eCommerce,0,0,0,0.0,0.0,Red,Red
398,398,290,GHM - WBR - Gundry MD,230.0,eCommerce,29373160,1523776,94095883,31.21620103187724,1.619386471988365,Green,Green
399,399,296,C - American Beauty Association,208.0,eCommerce,23,10,0,13.276845851426081,1.092255757336921,Green,Yellow
400,400,305,C - American Gun Association,208.0,eCommerce,1838420,219650,27210797,6.756215189139811,0.80721634136626,Red,Red
401,401,319,C - Bill of Rights,208.0,eCommerce,7,6,0,13.276845851426081,1.092255757336921,Green,Yellow
402,402,356,C - Big Friggin Deals,208.0,eCommerce,0,0,0,0.0,0.0,Red,Red
403,403,359,C - Cat Breeds Journal,208.0,eCommerce,0,0,0,0.0,0.0,Red,Red
404,404,384,C - Livingroomideas.com,208.0,eCommerce,0,0,0,0.0,0.0,Red,Red
405,405,388,C - Affiliate Marketing Association,208.0,eCommerce,0,0,0,0.0,0.0,Red,Red
406,406,410,C - Project Management Association,208.0,eCommerce,0,0,0,0.0,0.0,Red,Red
407,407,411,C - Mindore,208.0,eCommerce,0,0,0,0.0,0.0,Red,Red
408,408,414,C - World Class Writer,208.0,eCommerce,0,0,0,0.0,0.0,Red,Red
409,409,415,C - The Capitalist,208.0,eCommerce,96580,5098,792090,12.193058869572901,0.6436137307629183,Red,Red
410,410,418,C - Hunting Times,208.0,eCommerce,0,0,0,0.0,0.0,Red,Red
411,411,428,C - Garden Association,208.0,eCommerce,0,0,0,0.0,0.0,Red,Red
412,412,438,C - Masonandivy.com,208.0,eCommerce,7,0,0,13.276845851426081,0.0,Red,Yellow
413,413,446,C - Outdoor Warrior,208.0,eCommerce,0,0,0,0.0,0.0,Red,Red
414,414,453,C - Pets Associations,208.0,eCommerce,0,0,0,0.0,0.0,Red,Red
415,415,464,MA - Market America,255.0,eCommerce,3856411,132262,18751113,20.566304517497176,0.7053554634330239,Red,Green
416,416,474,RI - Results Ink,227.0,eCommerce,0,0,0,0.0,0.0,Red,Red
417,417,476,RI - Paleo Reboot,227.0,eCommerce,1424588,64892,6363542,22.38671482014262,1.0197465499559835,Green,Green
418,418,477,RI - Hot at Home,227.0,eCommerce,6,1,0,13.276845851426081,1.092255757336921,Green,Yellow
419,419,478,RI - Flofit,227.0,eCommerce,28,3,145,19.310344827586206,2.0689655172413794,Green,Green
420,420,479,RI - screwwillpower.com,227.0,eCommerce,4722,1688,38517,12.259521769608225,4.382480463172106,Green,Red
421,421,485,C - Nat Politics,208.0,eCommerce,0,0,0,0.0,0.0,Red,Red
422,422,503,GHM - WBR - Princeton Nutrients,230.0,eCommerce,1064139,30944,3416864,31.14373296683743,0.9056257433717,Yellow,Green
423,423,504,MA - Market America - Testing Account,255.0,eCommerce,165,66,42164,0.39132909591120385,0.15653163836448156,Red,Red
424,424,510,C - American Conservative Coalition,208.0,eCommerce,0,0,0,0.0,0.0,Red,Red
425,425,517,C - Homesteaders Association,208.0,eCommerce,0,0,0,0.0,0.0,Red,Red
426,426,518,GHM - WBR - Nucific,230.0,eCommerce,7395010,286247,24426267,30.274826685551254,1.1718818925544374,Green,Green
427,427,548,C - Homesteading.com OLD,208.0,eCommerce,0,0,0,0.0,0.0,Red,Red
428,428,549,C - Whattopackfor.com,208.0,eCommerce,0,0,0,0.0,0.0,Red,Red
429,429,576,MA - Market America - Unfranchise,255.0,eCommerce,3450009,229290,13035599,26.466056527206767,1.7589525421885102,Green,Green
430,430,577,C - Garden Season,208.0,eCommerce,29893,3808,1107939,2.698072727830684,0.34370123264908986,Red,Red
431,431,597,C - Chefs Association,208.0,eCommerce,0,0,0,0.0,0.0,Red,Red
432,432,603,SL - Superbalife Intl LLC,270.0,eCommerce,4512,438,61558,7.3296728288768325,0.7115240911010754,Red,Red
433,433,672,C - Scrumptious,208.0,eCommerce,0,0,0,0.0,0.0,Red,Red
434,434,682,C - Celebrity Gossiper,208.0,eCommerce,33,1,0,13.276845851426081,1.092255757336921,Green,Yellow
435,435,693,Epigenetic Labs LLC,,eCommerce,5606814,614650,30430529,18.424963956426783,2.0198465823581313,Green,Green
436,436,705,C - Floral Master,208.0,eCommerce,0,0,0,0.0,0.0,Red,Red
437,437,717,C - Simply Organize,208.0,eCommerce,0,0,0,0.0,0.0,Red,Red
438,438,718,C - Skin Care Freak,208.0,eCommerce,0,0,0,0.0,0.0,Red,Red
439,439,720,C - Wholesale Distributor,208.0,eCommerce,7,10,2,350.0,500.0,Green,Green
440,440,729,C - Shoestringstartups.com,208.0,eCommerce,0,0,0,0.0,0.0,Red,Red
441,441,731,SL - Superbalife - New,270.0,eCommerce,1376392,79991,4886834,28.165311119632875,1.6368675506473105,Green,Green
442,442,749,C - DIY Projects OLD,208.0,eCommerce,35,2,0,13.276845851426081,1.092255757336921,Green,Yellow
443,443,772,SL - Superbalife - Certified POF,270.0,eCommerce,73,0,0,13.276845851426081,0.0,Red,Yellow
444,444,784,C - True North Society,208.0,eCommerce,0,0,0,0.0,0.0,Red,Red
445,445,800,C - Founders Association,208.0,eCommerce,0,0,0,0.0,0.0,Red,Red
446,446,811,GHM - WBR - Golden Product Testing,230.0,eCommerce,0,0,0,0.0,0.0,Red,Red
447,447,824,C - Native Commerce,208.0,eCommerce,3,0,0,13.276845851426081,0.0,Red,Yellow
448,448,825,C - Unioncreek,208.0,eCommerce,0,0,0,0.0,0.0,Red,Red
449,449,1045,GHM - DermalMedix,,eCommerce,285705,13708,769768,37.11572837530269,1.780796291869758,Green,Green
450,450,1046,GHM - One Two Cosmetics,,eCommerce,617881,18302,2462569,25.090911158225417,0.7432076014925876,Red,Green
451,451,1061,GHM - Vital Updates,,eCommerce,0,0,0,0.0,0.0,Red,Red
452,452,1085,GHM - Activated You By Akasha Naturals,,eCommerce,4941132,164523,15608380,31.656917630144832,1.0540683914666351,Green,Green
453,453,1114,GHM - City Beauty,,eCommerce,7230200,562857,27446138,26.34323269816686,2.0507694015092395,Green,Green
454,454,1174,GHM - Heartland Nutrients,,eCommerce,1126,114,15674,7.183871379354345,0.7273191272170474,Red,Red
455,455,1192,GHM - Dr. Marty Pets,,eCommerce,4752061,252840,15656197,30.352588179619865,1.614951574766209,Green,Green
456,456,1196,GHM - Juvetress,,eCommerce,512646,26968,1724267,29.731242319199986,1.5640269169449976,Green,Green
457,457,1202,RI - Keto Resource,27.0,eCommerce,6374110,417207,35438076,17.98661417171745,1.1772845681577069,Green,Green
458,458,1226,ILMG - ILMG Inc.,30.0,eCommerce,17873908,1157859,151355396,11.809230772320795,0.764993538783381,Red,Red
459,459,1296,RI - Thin From Within,27.0,eCommerce,157,21,84,186.9047619047619,25.0,Green,Green
460,460,1308,RI - Adonis Lifestyle,27.0,eCommerce,1238735,127895,3972420,31.18338443568404,3.219573962471239,Green,Green
461,461,1361,C - Shoestringstartups.com,48.0,eCommerce,0,0,0,0.0,0.0,Red,Red
462,462,1366,GHM - Ultimate Pet Nutrition,,eCommerce,3581335,158819,12686364,28.2297985459033,1.2518874596377654,Green,Green
463,463,1376,Vandehey Capital II (DBA Todd V Dating),,eCommerce,377178,63614,1962926,19.215090125659348,3.240774231937424,Green,Green
464,464,2047,"KBS Research, LLC",18.0,eCommerce,71880,8072,317428,22.64450521063044,2.542938871177086,Green,Green
465,465,2050,Unimedia Ltd.,21.0,eCommerce,1866275,179578,6524044,28.606106887078013,2.75255654315023,Green,Green
466,466,2063,"Online Marketing & Publishing, LLC",32.0,eCommerce,13833800,815829,49520325,27.935600180329995,1.6474629356733828,Green,Green
467,467,2064,9194614 Canada Inc,33.0,eCommerce,5775589,340141,47845483,12.071335971255635,0.7109155946863365,Red,Red
468,468,2071,"Conversion Labs PR, LLC",40.0,eCommerce,328786,38040,1486222,22.122267063736103,2.5595099520798374,Green,Green
469,469,2113,Blanchard Media LLC,56.0,eCommerce,2806364,247009,18669628,15.031708184008806,1.3230526071542508,Green,Yellow
470,470,4,Maropost - Testing Account,,not_lablelled,4256,174,6196,68.68947708198839,2.8082633957391865,Green,Green
471,471,17,Maropost - Demo,,not_lablelled,0,0,0,0.0,0.0,Red,Red
472,472,24,Do Not Use Account,,not_lablelled,0,0,0,0.0,0.0,Red,Red
473,473,47,C - Bath Bomb Supplies,208.0,not_lablelled,0,0,0,0.0,0.0,Red,Red
474,474,54,Healthy Back Institute LLC ,266.0,not_lablelled,10858218,714093,46252923,23.475744441059433,1.5438872911880617,Green,Green
475,475,58,Transactional Test Account,,not_lablelled,0,0,0,0.0,0.0,Red,Red
476,476,66,Leather Furniture Expo,,not_lablelled,43804,4780,165384,26.486238088327767,2.890243312533256,Green,Green
477,477,71,The Spoke Club,,not_lablelled,1230,8,631,194.92868462757528,1.2678288431061806,Green,Green
478,478,76,AP - Activation Products ,242.0,not_lablelled,15949,659,6,265816.6666666666,10983.333333333332,Green,Green
479,479,78,Maropost - Marketing,,not_lablelled,189,8,3,6300.0,266.66666666666663,Green,Green
480,480,104,Fitera,,not_lablelled,2895051,149313,31002646,9.338077143479946,0.48161373064737767,Red,Red
481,481,151,RS - Leadrush,243.0,not_lablelled,973622,90435,12466672,7.809798797947039,0.7254141281650788,Red,Red
482,482,153,MAX Workouts,314.0,not_lablelled,3672415,467356,21159012,17.356268808770466,2.2087798806484917,Green,Green
483,483,156,C - DIY Projects,208.0,not_lablelled,894501,81346,8288791,10.7916944702792,0.9813976489454251,Yellow,Red
484,484,170,Mindful Health,,not_lablelled,15858355,1416275,61803095,25.65948355822633,2.291592354719452,Green,Green
485,485,195,Internet Alchemy LLC,,not_lablelled,3036348,177590,25455818,11.927913689514908,0.6976401229769948,Red,Yellow
486,486,202,"Magix Media, LLC (formerly Elkaim Group International)",,not_lablelled,6333225,535928,33305877,19.01533774354598,1.609109407327722,Green,Green
487,487,206,UGAR,,not_lablelled,4264817,345846,11914351,35.795629992770905,2.9027682666055417,Green,Green
488,488,226,Upward Enterprises LLC,,not_lablelled,990852,54824,3648923,27.154642616465186,1.5024707290342931,Green,Green
489,489,256,Outreach Inc.,,not_lablelled,28714891,3004809,403413717,7.117975861985873,0.7448455204610704,Red,Red
490,490,259,Crusher Productions,,not_lablelled,692497,23266,8694305,7.964949469796609,0.2676004580009558,Red,Red
491,491,260,Primal Health,,not_lablelled,7547167,736738,26214386,28.790172693726262,2.810433935015682,Green,Green
492,492,261,Ultimate Survival,,not_lablelled,3315968,273564,18235714,18.18392194569404,1.5001551351375657,Green,Green
493,493,262,M1 - Irollie  French,219.0,not_lablelled,1439430,295128,11433667,12.589399358928329,2.581219131185122,Green,Yellow
494,494,280,C - Gun Association New,208.0,not_lablelled,980315,120576,28610994,3.42635771410109,0.4214324046204057,Red,Red
495,495,325,The Hero Company Inc.,,not_lablelled,2616780,248032,12685587,20.627977246933863,1.9552268255304226,Green,Green
496,496,329,The Burchard Group,,not_lablelled,4779115,223993,28199463,16.947539036470303,0.7943165442547612,Red,Green
497,497,332,Rexel - UK ,279.0,not_lablelled,117057,6692,407916,28.696349248374663,1.6405338353974837,Green,Green
498,498,334,JJ Virgin ,,not_lablelled,39291,1127,0,13.276845851426081,1.092255757336921,Yellow,Yellow
499,499,337,mdBriefcase Inc.,,not_lablelled,212342,18438,765523,27.73816070843071,2.4085494492000894,Green,Green
500,500,341,Ask DrSuzanne,,not_lablelled,341543,31460,2988388,11.429004533547852,1.052741478014234,Yellow,Yellow
501,501,343,MPI LLC (Harv Eker),322.0,not_lablelled,8053939,390029,33708070,23.893207175611064,1.1570790021499304,Yellow,Green
502,502,354,Simple Pickup LLC,302.0,not_lablelled,8061313,284496,37093630,21.732337870410635,0.7669672663473486,Red,Green
503,503,365,C - Dog Breeds Journal ,208.0,not_lablelled,0,0,0,0.0,0.0,Red,Red
504,504,370,C - Cooking Lessons ,208.0,not_lablelled,15,0,0,13.276845851426081,0.0,Red,Yellow
505,505,371,MD - OAccount371,,not_lablelled,0,0,0,0.0,0.0,Red,Red
506,506,375,GTGUK Services Ltd,323.0,not_lablelled,18518459,1639607,69293812,26.724549372460558,2.366166548897613,Green,Green
507,507,386,Optimal Health Products Inc,,not_lablelled,432546,26474,4178830,10.350887688659267,0.6335266091226491,Red,Red
508,508,395,C - Golf And Swing ,208.0,not_lablelled,0,0,0,0.0,0.0,Red,Red
509,509,396,PB - Palm Beach Jewelry ,252.0,not_lablelled,3152495,206490,37367640,8.436430558633084,0.552590423157577,Red,Red
510,510,397,Alberta Motor Association,,not_lablelled,9456612,502997,24339234,38.853367365628685,2.0666098201775784,Green,Green
511,511,398,Transformation Network LLC,320.0,not_lablelled,6653675,314871,99023546,6.719285734324239,0.31797588828014706,Red,Red
512,512,424,C - FishingAssociation.org,208.0,not_lablelled,0,0,0,0.0,0.0,Red,Red
513,513,431,C - Archery Champ ,208.0,not_lablelled,0,0,0,0.0,0.0,Red,Red
514,514,439,Varsity Tutors LLC,,not_lablelled,3028815,323635,15984470,18.94848562385866,2.024683958867576,Green,Green
515,515,450,C - Confidential Man ,208.0,not_lablelled,0,0,0,0.0,0.0,Red,Red
516,516,452,WM - Us Weekly,225.0,not_lablelled,42886,1080,7310,586.6757865937072,14.774281805745554,Green,Green
517,517,475,RI - Diabetes Escape,227.0,not_lablelled,161620,13258,748865,21.58199408438103,1.7704125576706082,Green,Green
518,518,480,LSTW Management LLC,321.0,not_lablelled,5478373,476451,31041633,17.648469073775853,1.534877369370355,Green,Green
519,519,492,Maropost Testing - High Pool,,not_lablelled,0,0,0,0.0,0.0,Red,Red
520,520,500,Maropost - Sales Demo,,not_lablelled,8,0,0,13.276845851426081,0.0,Red,Yellow
521,521,513,Cendyn One,249.0,not_lablelled,409,8,2757,14.834965542256077,0.29017047515415306,Red,Green
522,522,526,M2 - Paleo Hacks - French ,219.0,not_lablelled,32110,6650,176759,18.1659774042623,3.762184669521778,Green,Green
523,523,527,Neuropathy Treatment Group LLC,,not_lablelled,1594389,156714,9393616,16.973112377597722,1.668303239136026,Green,Green
524,524,530,C - Horoscope Day ,208.0,not_lablelled,0,0,0,0.0,0.0,Red,Red
525,525,541,Ace Trades Corp,,not_lablelled,367642,22448,1820662,20.19276504919639,1.232958121826017,Green,Green
526,526,568,Rexel  Platt US,279.0,not_lablelled,46952,6000,168879,27.80215420508175,3.5528396070559394,Green,Green
527,527,570,Rexel  Gexpro US,279.0,not_lablelled,48171,8711,210780,22.85368630799886,4.13274504222412,Green,Green
528,528,588,The Tapping Solution LLC,271.0,not_lablelled,14239168,1391290,56329584,25.278312014517983,2.4699099499829433,Green,Green
529,529,601,LSS  IsabelDPrice,246.0,not_lablelled,929474,124741,3326965,27.93759477481729,3.7493932157386687,Green,Green
530,530,604,TAD - Backyard Vitality,234.0,not_lablelled,161,14,51,315.6862745098039,27.450980392156865,Green,Green
531,531,613,C - Sewing ,208.0,not_lablelled,233628,34248,3632631,6.431371642206433,0.9427877480536834,Yellow,Red
532,532,621,"Cendyn - Biltmore Company, The",249.0,not_lablelled,7644,170,0,13.276845851426081,1.092255757336921,Yellow,Yellow
533,533,638,Cendyn - Pineapple Hospitality ,249.0,not_lablelled,1463,28,0,13.276845851426081,1.092255757336921,Yellow,Yellow
534,534,659,Cendyn - South Beach Group ,249.0,not_lablelled,0,0,0,0.0,0.0,Red,Red
535,535,687,"M2 - HK Publishing, LLC",219.0,not_lablelled,148032,21507,832019,17.791901386867366,2.5849169309835474,Green,Green
536,536,689,Digital Romance Inc.,,not_lablelled,2714057,269930,38040512,7.134648976333442,0.7095856123072161,Red,Red
537,537,702,"Cendyn - Lodge at Woodloch, The",249.0,not_lablelled,193,6,0,13.276845851426081,1.092255757336921,Yellow,Yellow
538,538,707,Netpicks LLC,,not_lablelled,2185692,195713,10627117,20.56712088518457,1.8416377649742637,Green,Green
539,539,708,The Shift Network Inc.,,not_lablelled,18779742,1627375,112255143,16.729515902892754,1.4497108609090632,Green,Green
540,540,733,C - Nail Designs ,208.0,not_lablelled,876,93,61009,1.435853726499369,0.15243652575849465,Red,Red
541,541,738,"REDEF, Inc.",,not_lablelled,526367,85360,4626880,11.376283802475967,1.8448717062037485,Green,Yellow
542,542,745,C - Cute Outfits ,208.0,not_lablelled,13095,916,442895,2.9566827351855407,0.2068210298151932,Red,Red
543,543,747,C - Wedding Checklists ,208.0,not_lablelled,0,0,0,0.0,0.0,Red,Red
544,544,748,C - Breaking News Alerts ,208.0,not_lablelled,2295512,175116,12965974,17.704123114854312,1.3505811441546929,Green,Green
545,545,759,NY Post - Testing ,,not_lablelled,152,66,1289,11.792086889061288,5.120248254460822,Green,Yellow
546,546,776,Account needs to be wiped for REUSE,,not_lablelled,0,0,0,0.0,0.0,Red,Red
547,547,783,TAD - Real Daily,234.0,not_lablelled,143,20,8,1787.5,250.0,Green,Green
548,548,794,FDS - Reducteur de Graisse,293.0,not_lablelled,43387,8160,180959,23.976149293486372,4.509308738443515,Green,Green
549,549,806,M1 - Irollie  Spanish,219.0,not_lablelled,360277,50775,1948311,18.491760299048764,2.6061034403645005,Green,Green
550,550,813,"Cendyn - Ritz, London",249.0,not_lablelled,543,7,0,13.276845851426081,1.092255757336921,Yellow,Yellow
551,551,819,TAD - Tropical Health,234.0,not_lablelled,4115057,289273,30780949,13.368843826095162,0.9397793420859116,Yellow,Yellow
552,552,826,Cendyn - Public New York City ,249.0,not_lablelled,339,5,0,13.276845851426081,1.092255757336921,Yellow,Yellow
553,553,1006,LF - LiveStrong ,1.0,not_lablelled,10379272,1358453,50112835,20.711803672651925,2.710788563448865,Green,Green
554,554,1022,"KnowBe4, Inc.",,not_lablelled,1585108,2734,3159209,50.174204998782926,0.0865406498905264,Red,Green
555,555,1023,VIRGEN Inc.,,not_lablelled,125,26,7,1785.7142857142858,371.42857142857144,Green,Green
556,556,1043,StickerYou Inc.,,not_lablelled,185830,4153,838176,22.1707612720956,0.49548066277249647,Red,Green
557,557,1044,Patriot Publishing LLC ,55.0,not_lablelled,21635793,2139510,106338775,20.34609952954602,2.0119754059608077,Green,Green
558,558,1054,Sandbox Networks Inc.,9.0,not_lablelled,3666601,275005,15872608,23.100179882222253,1.7325760202734168,Green,Green
559,559,1063,Musement S.R.L,11.0,not_lablelled,412735,76287,1765110,23.38296196837591,4.32194027567687,Green,Green
560,560,1065,SCOTT Sports  B2B,5.0,not_lablelled,935,543,1047,89.30276981852913,51.862464183381086,Green,Green
561,561,1067,"TTAV Global, LLC",52.0,not_lablelled,12379344,2073187,53755527,23.028969653669286,3.8566955170953863,Green,Green
562,562,1073,Pala Interactive LLC,,not_lablelled,823915,56237,7867033,10.473008057802732,0.714843829941987,Red,Red
563,563,1126,EAA - Suzannes Images,14.0,not_lablelled,0,0,0,0.0,0.0,Red,Red
564,564,1134,MAN Marketing Inc.,,not_lablelled,507543,39895,3232374,15.701864945083708,1.2342321773408647,Green,Green
565,565,1145,Healthcare Inc,16.0,not_lablelled,285811,63764,1038691,27.51646062207143,6.138880571796617,Green,Green
566,566,1150,LAFC Sports LLC,,not_lablelled,43214,2763,18224,237.12686567164178,15.16132572431958,Green,Green
567,567,1153,Dogs Naturally Magazine Inc.,53.0,not_lablelled,0,0,0,0.0,0.0,Red,Red
568,568,1172,"Platinum Group Media, Inc",,not_lablelled,1333211,254965,8618096,15.469901936576246,2.9584841013606717,Green,Green
569,569,1173,"Forever Living Products, ITL.",19.0,not_lablelled,103992,13354,187439,55.48044963961609,7.124451154775686,Green,Green
570,570,1175,SCOTT Sports IRC  Transa,5.0,not_lablelled,375012,51529,1111262,33.746497225676755,4.636980298075521,Green,Green
571,571,1180,Clever Investor LLC,,not_lablelled,4524459,144693,19961762,22.665629416882137,0.7248508423254421,Red,Green
572,572,1190,Yeti Marketing LLC,,not_lablelled,301019,29383,1786537,16.849301189955764,1.644690258304194,Green,Green
573,573,1198,LSS  Live Smart Solutions Germany,26.0,not_lablelled,0,0,0,0.0,0.0,Red,Red
574,574,1206,"HealthPlanOne, LLC",28.0,not_lablelled,75334,7959,860567,8.753995911997556,0.9248553569913789,Red,Red
575,575,1212,The Pattern Trader LLC,,not_lablelled,839380,83103,10334908,8.121794601364618,0.8041000461736089,Red,Red
576,576,1213,FlowActiv Inc.,63.0,not_lablelled,1607620,66402,7889223,20.377418663409568,0.8416798460380699,Red,Green
577,577,1214,Superior Global Marketing,,not_lablelled,2029143,110929,19099710,10.623946646310337,0.5807889229731761,Red,Red
578,578,1224,Dollar General,67.0,not_lablelled,53868906,5149107,372346416,14.467416278286402,1.3828807741229876,Green,Green
579,579,1227,Critical Bench Inc.,,not_lablelled,2049007,138508,11272657,18.176788311752944,1.228707659605007,Green,Green
580,580,1230,Mettlence Pte Ltd.,56.0,not_lablelled,12522459,2222639,134784516,9.290725204666685,1.6490314065452445,Green,Red
581,581,1244,Capital Research International Inc,,not_lablelled,3572811,222591,16858539,21.192886287477226,1.3203457310268703,Green,Green
582,582,1246,Liberty Bank for Savings,,not_lablelled,44338,966,121854,36.386167052374155,0.7927519818799547,Red,Green
583,583,1250,Freedom Smokes Inc.,,not_lablelled,365269,42343,2385024,15.315107940213599,1.7753699753126173,Green,Green
584,584,1256,Q - Calculated Solutions,31.0,not_lablelled,2435,22,2,121750.0,1100.0,Green,Green
585,585,1257,Q - RTI Services,31.0,not_lablelled,10206,389,20645,49.43569871639622,1.884233470573989,Green,Green
586,586,1260,CarsonJames.com LLC,,not_lablelled,172889,20084,1054314,16.398245683923385,1.9049353418431323,Green,Green
587,587,1267,Innovative Chat Limited.,,not_lablelled,1025330,110573,8244053,12.437207766616735,1.3412456227537597,Green,Yellow
588,588,1268,"DROCK Gaming, LLC dba the D Las Vegas",,not_lablelled,1289186,106863,6642286,19.408769812079758,1.6088286472458426,Green,Green
589,589,1273,Alpha Link Trading LTD,,not_lablelled,3484419,402987,16853144,20.675186778205894,2.3911680811604055,Green,Green
590,590,1274,MD Testing,,not_lablelled,0,0,0,0.0,0.0,Red,Red
591,591,1276,TAD - RealDaily,33.0,not_lablelled,93,5,0,13.276845851426081,1.092255757336921,Yellow,Yellow
592,592,1284,EAA - Bond Studio,14.0,not_lablelled,132,18,1146,11.518324607329843,1.5706806282722512,Green,Yellow
593,593,1288,RK Exercises For Injuries Corp,,not_lablelled,1180445,49753,3907937,30.20634672462734,1.2731269721083016,Green,Green
594,594,1295,Cendyn - CIM Group_updated,24.0,not_lablelled,0,0,0,0.0,0.0,Red,Red
595,595,1298,Q - TrustedRateGuide,31.0,not_lablelled,16094066,465448,334751277,4.807768365884382,0.13904293485338967,Red,Red
596,596,1299,GHM  Unify Health (Altern Marketing LLC),,not_lablelled,324,0,520,62.30769230769231,0.0,Red,Green
597,597,1301,Pickup Please,,not_lablelled,3192663,438916,14823669,21.537603139951383,2.960913387906867,Green,Green
598,598,1302,4Patriots LLC,,not_lablelled,17932482,933363,67844447,26.431760877938913,1.3757397123452122,Green,Green
599,599,1309,Collova Media Inc (s-corp),,not_lablelled,3427108,124880,12297779,27.86769871210078,1.015467914978794,Yellow,Green
600,600,1313,Your Daily Source,34.0,not_lablelled,573638,20302,4869685,11.77977630996666,0.41690581628996537,Red,Yellow
601,601,1322,"Haymarket Media, Inc.",42.0,not_lablelled,0,0,0,0.0,0.0,Red,Red
602,602,1338,Q - LeadPoint Inc,31.0,not_lablelled,29734,2339,1280369,2.3222992746622264,0.1826817112879178,Red,Red
603,603,1340,Rexel  FR,44.0,not_lablelled,0,0,0,0.0,0.0,Red,Red
604,604,1347,SNS - Science Natural Secrets,45.0,not_lablelled,1750222,92493,5025990,34.82342782218031,1.8402941510030861,Green,Green
605,605,1348,M1 - Irollie  Customers,46.0,not_lablelled,7278355,911387,38499570,18.905029328898998,2.3672654006265526,Green,Green
606,606,1355,Palladium Media LLC ,62.0,not_lablelled,499403,15501,2219863,22.497018960179073,0.6982863356882835,Red,Green
607,607,1368,BBG Enterprises LLC,59.0,not_lablelled,2602262,129477,8877478,29.313077430324242,1.4584885482115528,Green,Green
608,608,1375,Virgen Demo Account,,not_lablelled,2867,188,14805,19.365079365079367,1.2698412698412698,Green,Green
609,609,1377,Rx Mail Group,,not_lablelled,9,1,0,13.276845851426081,1.092255757336921,Yellow,Yellow
610,610,1382,Q - JAD Digital Consultants,31.0,not_lablelled,4281746,198787,63677628,6.724097826005705,0.31217714328178175,Red,Red
611,611,1384,CONNECT asset management Corporation,,not_lablelled,282749,23122,2005770,14.096780787428271,1.1527742462994262,Yellow,Green
612,612,1385,Keto,34.0,not_lablelled,423761,27470,1971671,21.492480236307173,1.3932344696452907,Green,Green
613,613,1388,Keto #2,34.0,not_lablelled,124094,11949,1050107,11.817271954191334,1.137884044197401,Yellow,Yellow
614,614,1389,"Revealed Films, Inc.",51.0,not_lablelled,28665287,2175800,155473654,18.43739197124678,1.3994654039584096,Green,Green
615,615,1390,"MONEYKEY-DE, Inc.",61.0,not_lablelled,18913,4056,331020,5.713552051235575,1.2253036070328076,Green,Red
616,616,1391,Teladoc - Best Doctors Marketing ,23.0,not_lablelled,14454,330,135019,10.705160014516474,0.24441004599352686,Red,Red
617,617,1393,"Revealed Films, Inc. S1 ",51.0,not_lablelled,0,0,0,0.0,0.0,Red,Red
618,618,1394,"Revealed Films, Inc. S2",51.0,not_lablelled,53821,8395,386453,13.92691996180648,2.17232108432332,Green,Green
619,619,1395,Pivot Health,16.0,not_lablelled,213049,31246,654244,32.56415037814638,4.775894008963017,Green,Green
620,620,1396,"HR Ottawa, L.P.",,not_lablelled,447771,28393,1698120,26.3686311921419,1.6720255341200858,Green,Green
621,621,1400,Maropost Sales,,not_lablelled,0,0,0,0.0,0.0,Red,Red
622,622,1402,Q - WisdomCo Services ,31.0,not_lablelled,173101,19335,2673028,6.475839385146733,0.7233369796350806,Red,Red
623,623,2000,Maropost Testing Account3,,not_lablelled,616,90,1824,33.771929824561404,4.934210526315789,Green,Green
624,624,2001,Whole Greens,,not_lablelled,4,0,0,13.276845851426081,0.0,Red,Yellow
625,625,2002,"SurvivorNet, Inc.",,not_lablelled,77649,11292,563259,13.785665209077886,2.0047615750480685,Green,Yellow
626,626,2003,EAA- HRC California,7.0,not_lablelled,390,67,1310,29.770992366412212,5.114503816793893,Green,Green
627,627,2007,"MediBadge, Inc.",,not_lablelled,74983,5609,946681,7.920619511746829,0.5924910291851215,Red,Red
628,628,2011,TC - 3 - Health News Letters.com,9.0,not_lablelled,4439956,166368,43513792,10.203560287276273,0.38233395057824426,Red,Red
629,629,2012,GHM - Westwood Wellness,,not_lablelled,0,0,0,0.0,0.0,Red,Red
630,630,2014,"Project AWOL, LP",,not_lablelled,1147399,88161,7458346,15.384094543213736,1.1820449198790188,Green,Green
631,631,2016,"Capitol Legal, LLP",,not_lablelled,0,0,0,0.0,0.0,Red,Red
632,632,2018,JPJ Maple II Limited,,not_lablelled,89583,7196,1565445,5.72252618265094,0.45967759966016053,Red,Red
633,633,2019,Q - GVG Holdings LLC,4.0,not_lablelled,161559,9987,3446605,4.687482319557942,0.28976340485782387,Red,Red
634,634,2022,Q - Home Advisors,4.0,not_lablelled,2093134,172540,23217720,9.01524352951108,0.7431392918856804,Red,Red
635,635,2024,Inbox Experts - GMAIL,8.0,not_lablelled,5,0,0,13.276845851426081,0.0,Red,Yellow
636,636,2025,Imaginal Media LLC ,,not_lablelled,2567358,217212,12904485,19.89508298858885,1.6832287379155386,Green,Green
637,637,2027,V - Oneida Casino,10.0,not_lablelled,155520,13608,946817,16.42556058879382,1.4372365515194594,Green,Green
638,638,2030,Q - FHA Rate Approval Group,4.0,not_lablelled,509588,43325,10895596,4.677008949303921,0.3976377244530726,Red,Red
639,639,2031,Q - Mortgage Advisor Group,4.0,not_lablelled,525235,37666,10958340,4.793016095503516,0.3437199429840651,Red,Red
640,640,2034,Petes Paleo LLC,100.0,not_lablelled,885727,76262,5584595,15.860183236206026,1.3655779873025706,Green,Green
641,641,2036,"Treasure Island, LLC",,not_lablelled,464445,39583,1456833,31.880455755738645,2.7170581665846396,Green,Green
642,642,2038,EAA - NC Trailer Sales,7.0,not_lablelled,3389,563,109759,3.0876739037345455,0.512941991089569,Red,Red
643,643,2041,Emebo Inc.,14.0,not_lablelled,6083860,305615,55342449,10.993116694203394,0.5522252909335472,Red,Red
644,644,2043,Prairie IT LLC,15.0,not_lablelled,8770969,404747,29251666,29.984510967683004,1.3836716171995127,Green,Green
645,645,2045,"DFO - Simply Active Cosmetics, Inc.",1.0,not_lablelled,28969,2566,506146,5.723447384746693,0.5069683451020062,Red,Red
646,646,2046,SL - My Tax Account ,17.0,not_lablelled,359114,18299,3055670,11.752381638069556,0.5988539338344782,Red,Yellow
647,647,2048,SM - Svelte Media Inc,19.0,not_lablelled,31680412,2989319,87338602,36.273092624038114,3.4226778669986038,Green,Green
648,648,2051,Trophy Skin LLC,23.0,not_lablelled,2,8,0,13.276845851426081,1.092255757336921,Yellow,Yellow
649,649,2052,BAM Industries LLC,24.0,not_lablelled,3192930,274551,24515880,13.023925716719123,1.1198904546767239,Yellow,Yellow
650,650,2056,Q - Refinance Advocate ,4.0,not_lablelled,923419,76140,15321653,6.026888874196537,0.49694376970944326,Red,Red
651,651,2057,EAA - Point Lumineux,7.0,not_lablelled,2777,105,31356,8.856359229493558,0.3348641408342901,Red,Red
652,652,2060,Rexel  Esabora,31.0,not_lablelled,20061,1248,36441,55.05062978513213,3.42471392113279,Green,Green
653,653,2061,Q - United Auto Warranty,4.0,not_lablelled,288168,30511,9143054,3.151769638459972,0.33370687737379656,Red,Red
654,654,2065,LR - Test Account,30.0,not_lablelled,6050,383,21121,28.64447706074523,1.8133611097959377,Green,Green
655,655,2066,MV - Omvana,35.0,not_lablelled,63880,4520,1162117,5.496864773512478,0.3889453471552348,Red,Red
656,656,2070,Blue Modo Media Inc.,39.0,not_lablelled,17,4,162,10.493827160493826,2.4691358024691357,Green,Red
657,657,2072,mdBriefcase Inc. ,34.0,not_lablelled,1262116,95755,4266351,29.583032432165098,2.244423864796872,Green,Green
658,658,2075,Forever Living - Transactional,43.0,not_lablelled,73188,29844,302974,24.156528282954973,9.850350195066243,Green,Green
659,659,2076,Ross Paquette,,not_lablelled,0,0,0,0.0,0.0,Red,Red
660,660,2078,NHS - Metabolic Living,45.0,not_lablelled,596748,58728,2899252,20.58282619103134,2.0256259200648996,Green,Green
661,661,2079,Q - GLP Consultants,4.0,not_lablelled,30398,2672,1372486,2.2148131201338304,0.19468322445547714,Red,Red
662,662,2080,EAA - PL - Marijuana Doctor Now,7.0,not_lablelled,1067,74,5311,20.090378459800416,1.3933345885897195,Green,Green
663,663,2082,Q - USM Group,4.0,not_lablelled,342639,14049,10674505,3.2098818633744606,0.13161266025918766,Red,Red
664,664,2083,Q - PMC Direct,4.0,not_lablelled,16088065,611331,439405469,3.661325617228492,0.13912685278844356,Red,Red
665,665,2085,Maropost Live,,not_lablelled,0,0,0,0.0,0.0,Red,Red
666,666,2086,LR - Need a Loan ,30.0,not_lablelled,1835,224,3186,57.595731324544886,7.030759573132454,Green,Green
667,667,2087,Sponsored Content,55.0,not_lablelled,2951071,80610,12995866,22.707767223823332,0.6202741702630667,Red,Green
668,668,2088,Warrior Management A,27.0,not_lablelled,17467365,1095277,79749010,21.902923935983658,1.373405136941512,Green,Green
669,669,2089,SL - Michigan Builders License ,17.0,not_lablelled,244571,21078,1293281,18.910894074837564,1.629808216466491,Green,Green
670,670,2090,Sculpt Nation,22.0,not_lablelled,10563905,643689,41332053,25.55862637648316,1.557360337266576,Green,Green
671,671,2091,Daily Mindful Wellness Tips ,,not_lablelled,1355462,165516,6505910,20.834318335175247,2.544086837967325,Green,Green
672,672,2094,Millionaire Publishing LLC,,not_lablelled,10784947,1222298,46193057,23.347549827672154,2.646064320878352,Green,Green
673,673,2095,TC - 5 - Fight Tinnitus Now Promo.com,9.0,not_lablelled,10366,704,113632,9.122430301323572,0.6195437904815545,Red,Red
674,674,2096,Teladoc - Healthiest You,6.0,not_lablelled,200844,3883,699835,28.69876470882422,0.5548450706237898,Red,Green
675,675,2097,Teladoc - Advance Medical,6.0,not_lablelled,258,20,11175,2.308724832214765,0.1789709172259508,Red,Red
676,676,2098,Cendyn - QA Account,5.0,not_lablelled,0,0,0,0.0,0.0,Red,Red
677,677,2099,TC - 4 - Health Smarter.com,9.0,not_lablelled,2830429,91547,74263628,3.8113260504859796,0.12327299711239531,Red,Red
678,678,2100,M1 - Irollie - Cat,,not_lablelled,0,0,0,0.0,0.0,Red,Red
679,679,2102,WeatherfordFIT,48.0,not_lablelled,26206,1426,183471,14.283456241040819,0.7772345493293218,Red,Green
680,680,2104,FP - Arcade.io,50.0,not_lablelled,0,0,0,0.0,0.0,Red,Red
681,681,2106,Target Focus Training,49.0,not_lablelled,216,8,0,13.276845851426081,1.092255757336921,Yellow,Yellow
682,682,2108,C - Vitality Today,53.0,not_lablelled,0,0,0,0.0,0.0,Red,Red
683,683,2111,American Target Advertising Inc,54.0,not_lablelled,2052773,160415,27201858,7.5464440701072695,0.5897207462813753,Red,Red
684,684,2112,LMP - 31,55.0,not_lablelled,322663,14369,1821107,17.7179594609213,0.7890255762017278,Red,Green
685,685,2114,Warrior Management B,27.0,not_lablelled,7520478,515955,30584935,24.58883106993688,1.686957974571468,Green,Green
686,686,2115,Teladoc - Client Emails ,6.0,not_lablelled,733524,227706,1386572,52.90197696188874,16.42222690202889,Green,Green
687,687,2116,SM - Spot Pet Insurance,19.0,not_lablelled,240877,17483,1014968,23.7324723538082,1.7225173601532264,Green,Green
688,688,2117,Q - WeBuyHomes4Cash.org,4.0,not_lablelled,352509,52142,5635676,6.254955039998751,0.9252128759708685,Red,Red
689,689,2118,Mediawar15,27.0,not_lablelled,458641,34258,2042646,22.4532787374807,1.6771383783582667,Green,Green
690,690,2119,Mediawar27,27.0,not_lablelled,1062276,100007,6712704,15.82485984783479,1.4898169202753466,Green,Green
691,691,2120,ROIDaily,57.0,not_lablelled,15,1,0,13.276845851426081,1.092255757336921,Yellow,Yellow
692,692,2121,Saplan Inc dba eMarket media,58.0,not_lablelled,1999987,133159,9303122,21.498019697043638,1.4313367061079065,Green,Green
693,693,2122,LR - SMTP,30.0,not_lablelled,0,0,0,0.0,0.0,Red,Red
694,694,2123,SM - Wake Up Lean,19.0,not_lablelled,372062,36202,2280903,16.31204834225743,1.5871784113572565,Green,Green
695,695,2124,"Musora Media, Inc ",59.0,not_lablelled,6981210,814069,38850408,17.96946379559257,2.0953936957367345,Green,Green
696,696,2125,Maropost Second Test Account,,not_lablelled,0,0,0,0.0,0.0,Red,Red
697,697,2131,GHM - Unify Health Labs,,not_lablelled,166788,7051,491525,33.93276028686232,1.434515029754336,Green,Green
698,698,2132,DFO - AVS Products,1.0,not_lablelled,147,27,434,33.87096774193548,6.221198156682028,Green,Green
699,699,2134,Bright Naturals,,not_lablelled,48757,9724,176565,27.614193073372412,5.5073202503327385,Green,Green
700,700,2136,TradersCoach.com,68.0,not_lablelled,118842,8902,1052442,11.292023693467193,0.8458423362047505,Red,Yellow
701,701,2138,Rexel - Bizline,31.0,not_lablelled,0,0,0,0.0,0.0,Red,Red
702,702,2140,Rexel - AU,31.0,not_lablelled,0,0,0,0.0,0.0,Red,Red
703,703,2141,eMarket Media 6,58.0,not_lablelled,653498,63806,3374249,19.36721326730778,1.890968923751626,Green,Green
704,704,2142,Restomods Media Inc.,70.0,not_lablelled,1336743,145243,6540784,20.437045467332357,2.2205747812494647,Green,Green
705,705,2146,Turnkey Leads Media LLC,74.0,not_lablelled,220471,7433,2774160,7.947306572079476,0.2679369610981342,Red,Red
706,706,2147,"bistroMD, LLC",75.0,not_lablelled,932884,67504,5838805,15.977310425677857,1.1561269814628163,Yellow,Green
707,707,2149,Lead Out Loud Inc.,78.0,not_lablelled,7085753,796234,48426117,14.632089952617925,1.6442243345672336,Green,Green
708,708,2151,"713 Online, LLC",80.0,not_lablelled,120123,13739,2805868,4.281135106854634,0.48965239989906867,Red,Red
709,709,2152,Q - ChatterSource,4.0,not_lablelled,29126,2306,331257,8.7925689117513,0.6961362325928206,Red,Red
710,710,2153,SNS - The Real Truth About Supplements,81.0,not_lablelled,1088138,54376,2975338,36.57191216594551,1.827557070826911,Green,Green
711,711,2154,SEM - Detoxil,58.0,not_lablelled,22792,842,64895,35.12134987287156,1.2974805454965714,Green,Green
712,712,2155,SM - Meta Boost,19.0,not_lablelled,346755,87985,1117378,31.032918135134217,7.874237724386914,Green,Green
713,713,2156,Rexel - PT,31.0,not_lablelled,15936,1548,76057,20.952706522739525,2.035315618549246,Green,Green
714,714,2157,Astrology.TV,83.0,not_lablelled,1442686,303245,6781968,21.272379934555868,4.471342241662008,Green,Green
715,715,2159,"Subdirect, LLC.",84.0,not_lablelled,115954,25498,1060507,10.933826933721324,2.4043217065045304,Green,Red
716,716,2160,Payne Glasses LLC,,not_lablelled,151427,24334,1262305,11.996070680223877,1.9277432950039808,Green,Yellow
717,717,2164,Robbins-Madanes Training,86.0,not_lablelled,3704984,123878,26586694,13.93548216261864,0.46593984193747445,Red,Green
718,718,2169,TC - 2 - Saving Dojo VIP's.com,9.0,not_lablelled,5875,141,59243,9.916783417450164,0.2380028020188039,Red,Red
719,719,2170,Unimedia - HealthyLifestyleHelp,21.0,not_lablelled,448672,35847,1430070,31.37412853916242,2.506660513121735,Green,Green
720,720,2171,TC - 1 - TC Approvals,9.0,not_lablelled,280,147,466,60.08583690987125,31.5450643776824,Green,Green
721,721,2172,NEW - Turnkey Leads Media LLC ,74.0,not_lablelled,18354,1498,536094,3.4236533145306605,0.2794286076695505,Red,Red
722,722,2174,"Revealed Films, Inc. - Organixx",99.0,not_lablelled,1541444,226621,7212186,21.372771029477057,3.1421957226283403,Green,Green
723,723,2175,Golf Game Players Club,89.0,not_lablelled,0,0,0,0.0,0.0,Red,Red
724,724,2176,BELDT Labs Inc,,not_lablelled,94469,15570,711883,13.27029863053339,2.187157159252293,Green,Yellow
725,725,2177,SNS - Science Natural Supplements S-Corp (NEW),81.0,not_lablelled,617450,56670,2920138,21.144548648043347,1.9406617084535047,Green,Green
726,726,2178,Truegenics Pte Ltd,92.0,not_lablelled,491754,40518,9107905,5.399199925778761,0.44486630020844525,Red,Red
727,727,2179,Cake Media,93.0,not_lablelled,1256080,73461,11334005,11.082402028232737,0.6481468818833237,Red,Red
728,728,2180,"Beyond 40, LLC",,not_lablelled,211,19,1415,14.911660777385158,1.342756183745583,Green,Green
729,729,2182,Co - Global Hooper,90.0,not_lablelled,4850,2137,10101,48.015048015048016,21.156321156321155,Green,Green
730,730,2183,Q - Official Insure,4.0,not_lablelled,844,59,13305,6.343479894776399,0.4434423149192033,Red,Red
731,731,2184,TC - 6 - Wellness Guide,9.0,not_lablelled,26513,1937,184153,14.39726748953316,1.0518427611822778,Yellow,Green
732,732,2185,TC - 7 - Daily News,9.0,not_lablelled,1,0,2,50.0,0.0,Red,Green
733,733,2186,Q - ADR Services,4.0,not_lablelled,1370610,44474,36288860,3.776944219245245,0.12255551703745998,Red,Red
734,734,2187,Lark Wellness LLC,,not_lablelled,2893958,626698,10083735,28.6992666903682,6.214939206553921,Green,Green
735,735,2188,MV - Italian,35.0,not_lablelled,0,0,0,0.0,0.0,Red,Red
736,736,2189,MV - Indian,35.0,not_lablelled,0,0,0,0.0,0.0,Red,Red
737,737,2190,MV - Chinese,35.0,not_lablelled,0,0,1,0.0,0.0,Red,Red
738,738,2191,Be - Consumer Reach Co,94.0,not_lablelled,51719,4099,435198,11.884016011102991,0.9418701372708514,Yellow,Yellow
739,739,2193,Q - RyanBros Coffee,4.0,not_lablelled,873,185,2681,32.56247668780306,6.900410294666169,Green,Green
740,740,2196,SNS - Croatian Essentials,81.0,not_lablelled,13,1,16,81.25,6.25,Green,Green
741,741,2197,SNS -  Science Natural Solutions,81.0,not_lablelled,1680,147,5010,33.532934131736525,2.9341317365269464,Green,Green
742,742,2198,SimpleWifiprofits,,not_lablelled,1813,294,26972,6.721785555390776,1.0900192792525583,Yellow,Red
743,743,2199,Q - THW Solutions,4.0,not_lablelled,1,0,1,100.0,0.0,Red,Green
744,744,2200,The Brown Report LLC,,not_lablelled,0,0,0,0.0,0.0,Red,Red
745,745,2201,CLM Media - DMA,104.0,not_lablelled,0,0,0,0.0,0.0,Red,Red
746,746,2202,"Phytage Labs, LLC",103.0,not_lablelled,0,0,0,0.0,0.0,Red,Red
747,747,2203,CLM Media - MMT,104.0,not_lablelled,0,0,0,0.0,0.0,Red,Red
748,748,2204,Speaker Agency,,not_lablelled,0,0,0,0.0,0.0,Red,Red
749,749,2205,Account 2205,,not_lablelled,0,0,0,0.0,0.0,Red,Red
750,750,2206,MV - Spanish,35.0,not_lablelled,6518551,494944,74256862,8.778381989801831,0.6665296467820038,Red,Red
751,751,2207,MV - German,35.0,not_lablelled,540531,65832,3192840,16.9294734468373,2.0618634194009093,Green,Green
752,752,2208,MV - Portuguese,35.0,not_lablelled,468460,42360,7142724,6.558562251600369,0.5930510544716554,Red,Red
753,753,2209,MV - French,35.0,not_lablelled,912507,89708,7559450,12.071076599488057,1.186700090615058,Green,Yellow
754,754,2210,Earth Echo Shop,67.0,not_lablelled,590430,92984,1970572,29.962366257107075,4.71862992065248,Green,Green
755,755,2211,Blinds to Go,61.0,not_lablelled,7154343,261226,32053714,22.31985660070468,0.8149632831939537,Red,Green
756,756,2212,Q - Joski Insurance,4.0,not_lablelled,1411,44,7386,19.10370972109396,0.5957216355266721,Red,Green
757,757,2213,StocksToTrade,,not_lablelled,993054,126456,2609568,38.05434462715668,4.845859544568296,Green,Green
758,758,2214,CI - Sellquickforcash,77.0,not_lablelled,374,12,0,13.276845851426081,1.092255757336921,Yellow,Yellow
759,759,2215,C - Patriot Planet,53.0,not_lablelled,0,0,0,0.0,0.0,Red,Red
760,760,2216,MV - Soulvana,35.0,not_lablelled,2958732,139309,43941709,6.7333111691218015,0.3170313653481252,Red,Red
761,761,2217,Conversion Labs - REXMD,40.0,not_lablelled,126192,21427,555169,22.730375795478494,3.8595454717392363,Green,Green
762,762,2218,CI - 100 Million Academy,77.0,not_lablelled,14920,1631,47864,31.171653016881162,3.4075714524486047,Green,Green
763,763,2219,"Trust Botanicals, LLC",90.0,not_lablelled,21157,1615,105303,20.091545350084992,1.5336695060919443,Green,Green
764,764,2220,Balance by bistroMD,75.0,not_lablelled,65887,4698,316219,20.835876402113726,1.4856792286358504,Green,Green
765,765,2221,Silver Cuisine,75.0,not_lablelled,99734,11942,373078,26.732747575574006,3.200939213783713,Green,Green
766,766,2222,DFO - Azurro Group,1.0,not_lablelled,1457,639,4506,32.334664891256104,14.181091877496671,Green,Green
767,767,2223,EAA - New-U Hair Replacement Specialists,7.0,not_lablelled,84,14,251,33.46613545816733,5.577689243027888,Green,Green
768,768,2224,C - Patriot Association,53.0,not_lablelled,0,0,0,0.0,0.0,Red,Red
769,769,2225,Teladoc - Vision,6.0,not_lablelled,1569,1582,4238,37.022180273714014,37.32892873997169,Green,Green
770,770,2226,List Leverage,25.0,not_lablelled,541533,71020,3849377,14.068068677087227,1.8449738749932783,Green,Green
771,771,2227,DS Prospecting LLC,,not_lablelled,204887,42907,1388606,14.754869271773273,3.0899333576262813,Green,Green
772,772,2228,MV - Russian,35.0,not_lablelled,1943,897,3900,49.82051282051282,23.0,Green,Green
773,773,2229,Q - RefiRates,4.0,not_lablelled,0,0,0,0.0,0.0,Red,Red
774,774,2230,713 - Militus,80.0,not_lablelled,67812,3834,781988,8.671744323442303,0.49028885353739443,Red,Red
775,775,2231,GHM - Power Life,,not_lablelled,92537,9532,201967,45.817881138997954,4.719582902157283,Green,Green
776,776,2232,FreedomStreetGarage,70.0,not_lablelled,73965,9702,1393778,5.306799217665941,0.6960936390156826,Red,Red
777,777,2233,Luluvie,70.0,not_lablelled,45914,4876,398643,11.517573367649751,1.223149534796798,Green,Yellow
778,778,2234,Strategic Intervention,86.0,not_lablelled,1955104,49793,12864279,15.19792908720341,0.3870640554359867,Red,Green
779,779,2235,EAA - Hair Loss Solutions,7.0,not_lablelled,83,27,349,23.78223495702006,7.736389684813753,Green,Green
780,780,2236,Haymarket - Campaign US,95.0,not_lablelled,320861,11492,1054387,30.431046665029065,1.0899223909247742,Yellow,Green
781,781,2237,FP - Live Game Night,50.0,not_lablelled,3935,2783,9063,43.41829416308066,30.707271322961493,Green,Green
782,782,2239,Startech News,,not_lablelled,109112,7047,761899,14.321058303003417,0.9249257447509447,Red,Green
783,783,2240,Peak Pure & Natural,96.0,not_lablelled,672409,90209,5345972,12.5778623606708,1.6874199864870223,Green,Yellow
784,784,2241,SKIPTA LLC,101.0,not_lablelled,4,1,7,57.14285714285714,14.285714285714285,Green,Green
785,785,2242,RAJ Vape Holdings,,not_lablelled,8,0,8,100.0,0.0,Red,Green
786,786,2243,United Medical Freedom Super PAC,98.0,not_lablelled,205,74,441,46.48526077097506,16.780045351473923,Green,Green
787,787,2244,Warrior Management C,27.0,not_lablelled,0,0,0,0.0,0.0,Red,Red
788,788,2245,Forged4x4,70.0,not_lablelled,1,0,1,100.0,0.0,Red,Green
789,789,2246,Patients Aide LLC,64.0,not_lablelled,1,0,2,50.0,0.0,Red,Green
790,790,2247,Troon Golf LLC.,102.0,not_lablelled,0,0,0,0.0,0.0,Red,Red
791,791,2248,Official Tactical Kit LLC,,not_lablelled,0,0,0,0.0,0.0,Red,Red
792,792,2249,SNS - EpicHealthMedia,81.0,not_lablelled,0,0,0,0.0,0.0,Red,Red
793,793,2250,SNS - discovernatureshealingsecrets,81.0,not_lablelled,0,0,0,0.0,0.0,Red,Red
